1,60,1,65,8450,1,0,1,1,1,208500,"""200000-224999"""
2,20,1,80,9600,1,0,1,1,1,181500,"""175000-200000"""
3,60,1,68,11250,1,0,2,1,1,223500,"""200000-224999"""
4,70,1,60,9550,1,0,2,1,1,140000,"""125000-149999"""
5,60,1,84,14260,1,0,2,1,1,250000,"""300000"""
6,50,1,85,14115,1,0,2,1,1,143000,"""125000-149999"""
7,20,1,75,10084,1,0,1,1,1,307000,"""300000"""
8,60,1,0,10382,1,0,2,1,1,200000,"""200000-224999"""
9,50,2,51,6120,1,0,1,1,1,129900,"""125000-149999"""
10,190,1,50,7420,1,0,1,1,1,118000,"""100001 - 124999"""
11,20,1,70,11200,1,0,1,1,1,129500,"""125000-149999"""
12,60,1,85,11924,1,0,2,1,1,345000,"""300000"""
13,20,1,0,12968,1,0,3,1,1,144000,"""125000-149999"""
14,20,1,91,10652,1,0,2,1,1,279500,"""275000-300000"""
15,20,1,0,10920,1,0,2,1,1,157000,"""150000-175000"""
16,45,2,51,6120,1,0,1,1,1,132000,"""125000-149999"""
17,20,1,0,11241,1,0,2,1,1,149000,"""125000-149999"""
18,90,1,72,10791,1,0,1,1,1,90000,"""0-100000"""
19,20,1,66,13695,1,0,1,1,1,159000,"""150000-175000"""
20,20,1,70,7560,1,0,1,1,1,139000,"""125000-149999"""
21,60,1,101,14215,1,0,2,1,1,325300,"""300000"""
22,45,2,57,7449,1,1,1,2,1,139400,"""125000-149999"""
23,20,1,75,9742,1,0,1,1,1,230000,"""22500-250000"""
24,120,2,44,4224,1,0,1,1,1,129900,"""125000-149999"""
25,20,1,0,8246,1,0,2,1,1,154000,"""150000-175000"""
26,20,1,110,14230,1,0,1,1,1,256300,"""250000-275000"""
27,20,1,60,7200,1,0,1,1,1,134800,"""125000-149999"""
28,20,1,98,11478,1,0,1,1,1,306000,"""300000"""
29,20,1,47,16321,1,0,2,1,1,207500,"""200000-224999"""
30,30,2,60,6324,1,0,2,1,1,68500,"""0-100000"""
31,70,3,50,8500,1,2,1,1,1,40000,"""0-100000"""
32,20,1,0,8544,1,0,2,1,1,149350,"""125000-149999"""
33,20,1,85,11049,1,0,1,1,1,179900,"""175000-200000"""
34,20,1,70,10552,1,0,2,1,1,165500,"""150000-175000"""
35,120,1,60,7313,1,0,1,1,1,277500,"""275000-300000"""
36,60,1,108,13418,1,0,1,1,1,309000,"""300000"""
37,20,1,112,10859,1,0,1,1,1,145000,"""125000-149999"""
38,20,1,74,8532,1,0,1,1,1,153000,"""150000-175000"""
39,20,1,68,7922,1,0,1,1,1,109000,"""100001 - 124999"""
40,90,1,65,6040,1,0,1,1,1,82000,"""0-100000"""
41,20,1,84,8658,1,0,1,1,1,160000,"""150000-175000"""
42,20,1,115,16905,1,0,1,1,1,170000,"""150000-175000"""
43,85,1,0,9180,1,0,2,1,1,144000,"""125000-149999"""
44,20,1,0,9200,1,0,2,1,1,130250,"""125000-149999"""
45,20,1,70,7945,1,0,1,1,1,141000,"""125000-149999"""
46,120,1,61,7658,1,0,1,1,1,319900,"""300000"""
47,50,1,48,12822,1,0,2,1,1,239686,"""22500-250000"""
48,20,4,84,11096,1,0,1,1,1,249700,"""22500-250000"""
49,190,2,33,4456,1,0,1,1,1,113000,"""100001 - 124999"""
50,20,1,66,7742,1,0,1,1,1,127000,"""125000-149999"""
51,60,1,0,13869,1,0,3,1,1,177000,"""175000-200000"""
52,50,2,52,6240,1,0,1,1,1,114500,"""100001 - 124999"""
53,90,2,110,8472,2,0,3,2,1,110000,"""100001 - 124999"""
54,20,1,68,50271,1,0,2,3,1,385000,"""300000"""
55,80,1,60,7134,1,0,1,2,1,130000,"""125000-149999"""
56,20,1,100,10175,1,0,2,1,1,180500,"""175000-200000"""
57,160,4,24,2645,1,2,1,1,1,172500,"""150000-175000"""
58,60,1,89,11645,1,0,2,1,1,196500,"""175000-200000"""
59,60,1,66,13682,1,0,3,4,1,438780,"""300000"""
60,20,1,60,7200,1,0,1,2,1,124900,"""100001 - 124999"""
61,20,1,63,13072,1,0,1,1,1,158000,"""150000-175000"""
62,75,2,60,7200,1,0,1,1,1,101000,"""100001 - 124999"""
63,120,1,44,6442,1,0,2,1,1,202500,"""200000-224999"""
64,70,2,50,10300,1,0,2,2,1,140000,"""125000-149999"""
65,60,1,0,9375,1,0,1,1,1,219500,"""200000-224999"""
66,60,1,76,9591,1,0,1,1,1,317000,"""300000"""
67,20,1,0,19900,1,0,1,1,1,180000,"""175000-200000"""
68,20,1,72,10665,1,0,2,1,1,226000,"""22500-250000"""
69,30,2,47,4608,1,0,1,1,1,80000,"""0-100000"""
70,50,1,81,15593,1,0,1,1,1,225000,"""300000"""
71,20,1,95,13651,1,0,2,1,1,244000,"""22500-250000"""
72,20,1,69,7599,1,0,1,1,1,129500,"""125000-149999"""
73,60,1,74,10141,1,0,2,1,1,185000,"""175000-200000"""
74,20,1,85,10200,1,0,1,1,1,144900,"""125000-149999"""
75,50,2,60,5790,1,0,1,1,1,107400,"""100001 - 124999"""
76,180,2,21,1596,1,0,1,1,1,91000,"""0-100000"""
77,20,1,0,8475,1,0,2,1,1,135750,"""125000-149999"""
78,50,2,50,8635,1,0,1,1,1,127000,"""125000-149999"""
79,90,1,72,10778,1,0,1,1,1,136500,"""125000-149999"""
80,50,2,60,10440,1,1,1,1,1,110000,"""100001 - 124999"""
81,60,1,100,13000,1,0,1,1,1,193500,"""175000-200000"""
82,120,2,32,4500,1,0,1,1,1,153500,"""150000-175000"""
83,20,1,78,10206,1,0,1,1,1,245000,"""22500-250000"""
84,20,1,80,8892,1,0,2,1,1,126500,"""125000-149999"""
85,80,1,0,8530,1,0,2,1,1,168500,"""150000-175000"""
86,60,1,121,16059,1,0,1,1,1,260000,"""250000-275000"""
87,60,1,122,11911,1,0,3,1,1,174000,"""150000-175000"""
88,160,4,40,3951,1,2,1,1,1,164500,"""150000-175000"""
89,50,3,105,8470,1,0,2,1,1,85000,"""0-100000"""
90,20,1,60,8070,1,0,1,1,1,123600,"""100001 - 124999"""
91,20,1,60,7200,1,0,1,1,1,109900,"""100001 - 124999"""
92,20,1,85,8500,1,0,1,1,1,98600,"""0-100000"""
93,30,1,80,13360,1,1,2,4,1,163500,"""150000-175000"""
94,190,3,60,7200,1,0,1,1,1,133900,"""125000-149999"""
95,60,1,69,9337,1,0,2,1,1,204750,"""200000-224999"""
96,60,1,0,9765,1,0,3,1,1,185000,"""175000-200000"""
97,20,1,78,10264,1,0,2,1,1,214000,"""200000-224999"""
98,20,1,73,10921,1,0,1,4,1,94750,"""0-100000"""
99,30,1,85,10625,1,0,1,1,1,83000,"""0-100000"""
100,20,1,77,9320,1,0,2,1,1,128950,"""125000-149999"""
101,20,1,0,10603,1,0,2,1,1,205000,"""200000-224999"""
102,60,1,77,9206,1,0,1,1,1,178000,"""175000-200000"""
103,90,1,64,7018,1,0,1,2,1,118964,"""100001 - 124999"""
104,20,1,94,10402,1,0,2,1,1,198900,"""175000-200000"""
105,50,2,0,7758,1,0,1,1,1,169500,"""150000-175000"""
106,60,4,75,9375,1,0,1,1,1,250000,"""300000"""
107,30,2,60,10800,1,1,1,1,1,100000,"""300000"""
108,20,2,50,6000,1,0,1,1,1,115000,"""100001 - 124999"""
109,50,2,85,8500,1,0,1,1,1,115000,"""100001 - 124999"""
110,20,1,105,11751,1,0,2,1,1,190000,"""175000-200000"""
111,50,1,75,9525,1,0,1,1,1,136900,"""125000-149999"""
112,80,1,0,7750,1,0,2,1,1,180000,"""175000-200000"""
113,60,1,77,9965,1,0,1,1,1,383970,"""300000"""
114,20,1,0,21000,1,0,1,2,1,217000,"""200000-224999"""
115,70,1,61,7259,1,0,2,1,1,259500,"""250000-275000"""
116,160,4,34,3230,1,2,1,1,1,176000,"""175000-200000"""
117,20,1,0,11616,1,0,1,1,1,139000,"""125000-149999"""
118,20,1,74,8536,1,0,1,1,1,155000,"""150000-175000"""
119,60,1,90,12376,1,0,1,1,1,320000,"""300000"""
120,60,1,65,8461,1,0,1,1,1,163990,"""150000-175000"""
121,80,1,0,21453,1,0,2,3,1,180000,"""175000-200000"""
122,50,2,50,6060,1,0,1,1,1,100000,"""300000"""
123,20,1,75,9464,1,0,1,1,1,136000,"""125000-149999"""
124,120,1,55,7892,1,0,1,1,1,153900,"""150000-175000"""
125,20,1,48,17043,1,0,2,1,1,181000,"""175000-200000"""
126,190,2,60,6780,1,0,1,1,1,84500,"""0-100000"""
127,120,1,0,4928,1,0,2,1,1,128000,"""125000-149999"""
128,45,2,55,4388,1,0,2,2,1,87000,"""0-100000"""
129,60,1,69,7590,1,0,1,1,1,155000,"""150000-175000"""
130,20,1,69,8973,1,0,1,1,1,150000,"""300000"""
131,60,1,88,14200,1,0,1,1,1,226000,"""22500-250000"""
132,60,1,0,12224,1,0,2,1,1,244000,"""22500-250000"""
133,20,1,75,7388,1,0,1,1,1,150750,"""150000-175000"""
134,20,1,0,6853,1,0,2,1,1,220000,"""200000-224999"""
135,20,1,78,10335,1,0,2,1,1,180000,"""175000-200000"""
136,20,1,80,10400,1,0,1,1,1,174000,"""150000-175000"""
137,20,1,0,10355,1,0,2,1,1,143000,"""125000-149999"""
138,90,1,82,11070,1,0,1,1,1,171000,"""150000-175000"""
139,60,1,73,9066,1,0,2,1,1,230000,"""22500-250000"""
140,60,1,65,15426,1,0,2,1,1,231500,"""22500-250000"""
141,20,1,70,10500,1,0,1,1,1,115000,"""100001 - 124999"""
142,20,1,78,11645,1,0,1,1,1,260000,"""250000-275000"""
143,50,1,71,8520,1,0,1,1,1,166000,"""150000-175000"""
144,20,1,78,10335,1,0,2,1,1,204000,"""200000-224999"""
145,90,2,70,9100,1,0,1,1,1,125000,"""125000-149999"""
146,160,2,24,2522,1,0,1,1,1,130000,"""125000-149999"""
147,30,2,51,6120,1,0,1,1,1,105000,"""100001 - 124999"""
148,60,1,0,9505,1,0,2,1,1,222500,"""200000-224999"""
149,20,1,63,7500,1,0,1,1,1,141000,"""125000-149999"""
150,50,2,0,6240,1,0,1,1,1,115000,"""100001 - 124999"""
151,20,1,120,10356,1,0,1,1,1,122000,"""100001 - 124999"""
152,20,1,107,13891,1,0,1,1,1,372402,"""300000"""
153,60,1,0,14803,1,0,2,1,1,190000,"""175000-200000"""
154,20,1,0,13500,1,0,1,1,1,235000,"""22500-250000"""
155,30,2,84,11340,1,0,1,1,1,125000,"""125000-149999"""
156,50,1,60,9600,1,0,1,1,1,79000,"""0-100000"""
157,20,1,60,7200,1,0,1,1,1,109500,"""100001 - 124999"""
158,60,1,92,12003,1,0,1,1,1,269500,"""250000-275000"""
159,60,4,100,12552,1,0,1,1,1,254900,"""250000-275000"""
160,60,1,134,19378,1,0,2,4,1,320000,"""300000"""
161,20,1,0,11120,1,0,2,1,1,162500,"""150000-175000"""
162,60,1,110,13688,1,0,2,1,1,412500,"""300000"""
163,20,1,95,12182,1,0,1,1,1,220000,"""200000-224999"""
164,45,1,55,5500,1,0,1,1,1,103200,"""100001 - 124999"""
165,40,2,40,5400,1,2,1,1,1,152000,"""150000-175000"""
166,190,1,62,10106,1,0,1,1,1,127500,"""125000-149999"""
167,20,1,0,10708,1,0,2,1,1,190000,"""175000-200000"""
168,60,1,86,10562,1,0,1,1,1,325624,"""300000"""
169,60,1,62,8244,1,0,2,1,1,183500,"""175000-200000"""
170,20,1,0,16669,1,0,2,1,1,228000,"""22500-250000"""
171,50,2,0,12358,1,0,2,1,1,128500,"""125000-149999"""
172,20,1,141,31770,1,0,2,1,1,215000,"""200000-224999"""
173,160,1,44,5306,1,0,2,1,1,239000,"""22500-250000"""
174,20,1,80,10197,1,0,2,1,1,163000,"""150000-175000"""
175,20,1,47,12416,1,0,2,1,1,184000,"""175000-200000"""
176,20,1,84,12615,1,0,1,1,1,243000,"""22500-250000"""
177,60,1,97,10029,1,0,2,1,1,211000,"""200000-224999"""
178,50,1,0,13650,1,0,1,1,1,172500,"""150000-175000"""
179,20,1,63,17423,1,0,2,1,1,501837,"""300000"""
180,30,2,60,8520,1,0,1,1,1,100000,"""300000"""
181,160,4,0,2117,1,0,1,1,1,177000,"""175000-200000"""
182,70,1,54,7588,1,0,1,1,1,200100,"""200000-224999"""
183,20,1,60,9060,1,0,1,1,1,120000,"""100001 - 124999"""
184,50,2,63,11426,1,0,1,1,1,200000,"""200000-224999"""
185,50,1,92,7438,1,0,2,1,1,127000,"""125000-149999"""
186,75,2,90,22950,1,0,3,1,1,475000,"""300000"""
187,80,1,0,9947,1,0,2,1,1,173000,"""150000-175000"""
188,50,1,60,10410,1,0,1,1,1,135000,"""125000-149999"""
189,90,1,64,7018,1,0,1,2,1,153337,"""150000-175000"""
190,120,1,41,4923,1,0,1,1,1,286000,"""275000-300000"""
191,70,1,70,10570,1,0,1,2,1,315000,"""300000"""
192,60,1,0,7472,1,0,2,1,1,184000,"""175000-200000"""
193,20,1,68,9017,1,0,2,1,1,192000,"""175000-200000"""
194,160,2,24,2522,1,0,1,1,1,130000,"""125000-149999"""
195,20,1,60,7180,1,0,2,1,1,127000,"""125000-149999"""
196,160,1,24,2280,1,0,1,1,1,148500,"""125000-149999"""
197,20,1,79,9416,1,0,1,1,1,311872,"""300000"""
198,75,1,174,25419,1,0,1,1,1,235000,"""22500-250000"""
199,75,2,92,5520,1,0,1,1,1,104000,"""100001 - 124999"""
200,20,1,76,9591,1,0,1,1,1,274900,"""250000-275000"""
201,20,2,80,8546,1,0,1,1,1,140000,"""125000-149999"""
202,20,1,75,10125,1,0,1,1,1,171500,"""150000-175000"""
203,50,1,50,7000,1,0,1,1,1,112000,"""100001 - 124999"""
204,120,2,0,4438,1,0,1,1,1,149000,"""125000-149999"""
205,50,2,50,3500,1,1,1,1,1,110000,"""100001 - 124999"""
206,20,1,99,11851,1,0,1,1,1,180500,"""175000-200000"""
207,20,1,40,13673,1,0,2,1,1,143900,"""125000-149999"""
208,20,1,0,12493,1,0,2,1,1,141000,"""125000-149999"""
209,60,1,0,14364,1,0,2,3,1,277000,"""275000-300000"""
210,20,1,75,8250,1,0,1,1,1,145000,"""125000-149999"""
211,30,1,67,5604,1,0,1,1,1,98000,"""0-100000"""
212,20,1,83,10420,1,0,1,1,1,186000,"""175000-200000"""
213,60,4,72,8640,1,0,1,1,1,252678,"""250000-275000"""
214,20,1,43,13568,1,0,3,1,1,156000,"""150000-175000"""
215,60,1,0,10900,1,0,2,1,1,161750,"""150000-175000"""
216,20,1,72,10011,1,0,2,1,1,134450,"""125000-149999"""
217,20,1,65,8450,1,0,1,1,1,210000,"""200000-224999"""
218,70,2,57,9906,1,1,1,1,1,107000,"""100001 - 124999"""
219,50,1,0,15660,1,0,2,1,1,311500,"""300000"""
220,120,1,43,3010,1,0,1,1,1,167240,"""150000-175000"""
221,20,1,73,8990,1,0,2,1,1,204900,"""200000-224999"""
222,60,1,0,8068,1,0,2,1,1,200000,"""200000-224999"""
223,60,1,85,11475,1,0,1,1,1,179900,"""175000-200000"""
224,20,1,70,10500,1,0,1,1,1,97000,"""0-100000"""
225,20,1,103,13472,1,0,1,1,1,386250,"""300000"""
226,160,2,21,1680,1,0,1,1,1,112000,"""100001 - 124999"""
227,60,1,82,9950,1,0,2,1,1,290000,"""275000-300000"""
228,160,2,21,1869,1,0,1,1,1,106000,"""100001 - 124999"""
229,20,1,70,8521,1,0,1,1,1,125000,"""125000-149999"""
230,120,1,43,3182,1,0,1,1,1,192500,"""175000-200000"""
231,20,1,73,8760,1,0,1,1,1,148000,"""125000-149999"""
232,60,1,174,15138,1,0,2,1,1,403000,"""300000"""
233,160,2,21,1680,1,0,1,1,1,94500,"""0-100000"""
234,20,1,75,10650,1,0,1,1,1,128200,"""125000-149999"""
235,60,1,0,7851,1,0,1,1,1,216500,"""200000-224999"""
236,160,2,21,1680,1,0,1,1,1,89500,"""0-100000"""
237,20,1,65,8773,1,0,1,1,1,185500,"""175000-200000"""
238,60,1,0,9453,1,0,2,1,1,194500,"""175000-200000"""
239,20,1,93,12030,1,0,1,1,1,318000,"""300000"""
240,50,1,52,8741,1,0,1,1,1,113000,"""100001 - 124999"""
241,20,4,75,9000,1,0,1,1,1,262500,"""250000-275000"""
242,30,2,40,3880,1,0,1,1,1,110500,"""100001 - 124999"""
243,50,2,63,5000,1,0,1,1,1,79000,"""0-100000"""
244,160,1,75,10762,1,0,1,1,1,120000,"""100001 - 124999"""
245,60,1,0,8880,1,0,2,1,1,205000,"""200000-224999"""
246,20,1,80,10400,1,0,1,1,1,241500,"""22500-250000"""
247,190,2,69,9142,1,1,1,1,1,137000,"""125000-149999"""
248,20,1,75,11310,1,0,1,1,1,140000,"""125000-149999"""
249,60,1,72,11317,1,0,1,1,1,180000,"""175000-200000"""
250,50,1,0,159000,1,0,3,3,1,277000,"""275000-300000"""
251,30,1,55,5350,1,0,2,1,1,76500,"""0-100000"""
252,120,2,44,4750,1,0,2,4,1,235000,"""22500-250000"""
253,60,1,65,8366,1,0,2,1,1,173000,"""150000-175000"""
254,80,1,85,9350,1,0,1,1,1,158000,"""150000-175000"""
255,20,1,70,8400,1,0,1,1,1,145000,"""125000-149999"""
256,60,1,66,8738,1,0,2,1,1,230000,"""22500-250000"""
257,60,4,64,8791,1,0,2,1,1,207500,"""200000-224999"""
258,20,1,68,8814,1,0,1,1,1,220000,"""200000-224999"""
259,60,1,80,12435,1,0,1,1,1,231500,"""22500-250000"""
260,20,2,70,12702,1,0,1,1,1,97000,"""0-100000"""
261,80,1,120,19296,1,0,1,1,1,176000,"""175000-200000"""
262,60,1,69,9588,1,0,2,1,1,276000,"""275000-300000"""
263,80,1,88,8471,1,0,2,1,1,151000,"""150000-175000"""
264,50,2,50,5500,1,0,1,1,1,130000,"""125000-149999"""
265,30,2,30,5232,1,1,4,2,1,73000,"""0-100000"""
266,20,1,78,12090,1,0,2,1,1,175500,"""175000-200000"""
267,60,1,70,11207,1,0,2,4,1,185000,"""175000-200000"""
268,75,1,60,8400,1,0,1,2,1,179500,"""175000-200000"""
269,30,2,71,6900,1,0,1,1,1,120500,"""100001 - 124999"""
270,20,1,0,7917,1,0,2,1,1,148000,"""125000-149999"""
271,60,4,84,10728,1,0,1,1,1,266000,"""250000-275000"""
272,20,1,73,39104,1,0,2,3,1,241500,"""22500-250000"""
273,60,1,92,11764,1,0,2,1,1,290000,"""275000-300000"""
274,20,1,80,9600,1,0,1,1,1,139000,"""125000-149999"""
275,20,1,76,8314,1,0,1,1,1,124500,"""100001 - 124999"""
276,50,1,55,7264,1,0,1,1,1,205000,"""200000-224999"""
277,20,1,129,9196,1,0,2,1,1,201000,"""200000-224999"""
278,20,1,140,19138,1,0,1,1,1,141000,"""125000-149999"""
279,20,1,107,14450,1,0,1,1,1,415298,"""300000"""
280,60,1,83,10005,1,0,1,1,1,192000,"""175000-200000"""
281,60,1,82,11287,1,0,1,1,1,228500,"""22500-250000"""
282,20,4,60,7200,1,2,1,1,1,185000,"""175000-200000"""
283,120,1,34,5063,1,0,1,1,1,207500,"""200000-224999"""
284,20,1,74,9612,1,0,1,1,1,244600,"""22500-250000"""
285,120,1,50,8012,1,0,1,1,1,179200,"""175000-200000"""
286,160,4,35,4251,1,2,2,1,1,164700,"""150000-175000"""
287,50,1,77,9786,1,0,2,2,1,159000,"""150000-175000"""
288,20,1,0,8125,1,0,2,1,1,88000,"""0-100000"""
289,20,1,0,9819,1,0,2,1,1,122000,"""100001 - 124999"""
290,70,1,60,8730,1,0,1,1,1,153575,"""150000-175000"""
291,60,1,120,15611,1,0,1,1,1,233230,"""22500-250000"""
292,190,1,55,5687,1,1,1,2,1,135900,"""125000-149999"""
293,50,1,60,11409,1,0,1,1,1,131000,"""125000-149999"""
294,60,1,0,16659,1,0,2,1,1,235000,"""22500-250000"""
295,20,1,80,9600,1,0,1,1,1,167000,"""150000-175000"""
296,80,1,37,7937,1,0,2,1,1,142500,"""125000-149999"""
297,50,2,75,13710,1,0,1,1,1,152000,"""150000-175000"""
298,60,4,66,7399,1,2,2,1,1,239000,"""22500-250000"""
299,60,1,90,11700,1,0,1,1,1,175000,"""300000"""
300,20,1,80,14000,1,0,1,1,1,158500,"""150000-175000"""
301,190,1,90,15750,1,0,1,1,1,157000,"""150000-175000"""
302,60,1,66,16226,1,0,4,1,1,267000,"""250000-275000"""
303,20,1,118,13704,1,0,2,1,1,205000,"""200000-224999"""
304,20,1,70,9800,1,0,1,1,1,149900,"""125000-149999"""
305,75,2,87,18386,1,0,1,1,1,295000,"""275000-300000"""
306,20,1,80,10386,1,0,1,1,1,305900,"""300000"""
307,60,1,116,13474,1,0,1,1,1,225000,"""300000"""
308,50,2,0,7920,1,1,2,1,1,89500,"""0-100000"""
309,30,1,0,12342,1,0,2,1,1,82500,"""0-100000"""
310,20,1,90,12378,1,0,2,1,1,360000,"""300000"""
311,60,1,0,7685,1,0,2,1,1,165600,"""150000-175000"""
312,20,1,50,8000,1,0,1,1,1,132000,"""125000-149999"""
313,190,2,65,7800,1,0,1,1,1,119900,"""100001 - 124999"""
314,20,1,150,215245,1,0,4,3,1,375000,"""300000"""
315,70,2,60,9600,1,1,1,1,1,178000,"""175000-200000"""
316,60,1,71,7795,1,0,2,1,1,188500,"""175000-200000"""
317,60,1,94,13005,1,0,2,1,1,260000,"""250000-275000"""
318,60,4,75,9000,1,0,1,1,1,270000,"""250000-275000"""
319,60,1,90,9900,1,0,1,3,1,260000,"""250000-275000"""
320,80,1,0,14115,1,0,1,1,1,187500,"""175000-200000"""
321,60,1,111,16259,1,0,1,1,1,342643,"""300000"""
322,60,1,99,12099,1,0,2,1,1,354000,"""300000"""
323,60,1,86,10380,1,0,2,1,1,301000,"""300000"""
324,20,2,49,5820,1,0,1,1,1,126175,"""125000-149999"""
325,80,1,96,11275,1,0,1,1,1,242000,"""22500-250000"""
326,45,2,50,5000,1,0,1,1,1,87000,"""0-100000"""
327,120,1,32,10846,1,0,2,1,1,324000,"""300000"""
328,20,1,80,11600,1,0,1,1,1,145250,"""125000-149999"""
329,75,1,0,11888,1,2,2,2,1,214500,"""200000-224999"""
330,70,2,60,6402,1,0,1,1,1,78000,"""0-100000"""
331,90,1,0,10624,1,0,2,1,1,119000,"""100001 - 124999"""
332,20,1,70,8176,1,0,1,1,1,139000,"""125000-149999"""
333,20,1,85,10655,1,0,2,1,1,284000,"""275000-300000"""
334,120,2,59,8198,1,0,1,1,1,207000,"""200000-224999"""
335,60,1,59,9042,1,0,2,1,1,192000,"""175000-200000"""
336,190,1,0,164660,2,0,2,4,1,228950,"""22500-250000"""
337,20,1,86,14157,1,0,2,4,1,377426,"""300000"""
338,20,1,70,9135,1,0,1,1,1,214000,"""200000-224999"""
339,20,1,91,14145,1,0,1,1,1,202500,"""200000-224999"""
340,20,1,66,12400,1,0,2,1,1,155000,"""150000-175000"""
341,60,1,85,14191,1,0,1,1,1,202900,"""200000-224999"""
342,20,5,60,8400,1,0,1,1,1,82000,"""0-100000"""
343,90,1,0,8544,1,0,1,1,1,87500,"""0-100000"""
344,120,1,63,8849,1,0,2,1,1,266000,"""250000-275000"""
345,160,2,36,2592,1,0,1,1,1,85000,"""0-100000"""
346,50,1,65,6435,1,0,1,1,1,140200,"""125000-149999"""
347,20,1,0,12772,1,0,2,1,1,151500,"""150000-175000"""
348,20,1,0,17600,1,0,2,1,1,157500,"""150000-175000"""
349,160,1,36,2448,1,0,1,1,1,154000,"""150000-175000"""
350,60,1,56,20431,1,0,3,1,1,437154,"""300000"""
351,120,1,68,7820,1,0,2,1,1,318061,"""300000"""
352,120,1,0,5271,1,0,2,3,1,190000,"""175000-200000"""
353,50,1,60,9084,1,0,1,1,1,95000,"""0-100000"""
354,30,2,60,8520,1,0,1,1,1,105900,"""100001 - 124999"""
355,50,1,60,8400,1,0,1,2,1,140000,"""125000-149999"""
356,20,1,105,11249,1,0,3,1,1,177500,"""175000-200000"""
357,20,1,0,9248,1,0,2,1,1,173000,"""150000-175000"""
358,120,2,44,4224,1,0,1,1,1,134000,"""125000-149999"""
359,80,1,92,6930,1,0,2,1,1,130000,"""125000-149999"""
360,60,1,78,12011,1,0,2,1,1,280000,"""275000-300000"""
361,85,1,0,7540,1,0,2,1,1,156000,"""150000-175000"""
362,50,1,0,9144,1,2,1,1,1,145000,"""125000-149999"""
363,85,1,64,7301,1,0,1,1,1,198500,"""175000-200000"""
364,160,2,21,1680,1,0,1,1,1,118000,"""100001 - 124999"""
365,60,1,0,18800,1,0,2,1,1,190000,"""175000-200000"""
366,70,2,59,10690,1,0,1,1,1,147000,"""125000-149999"""
367,20,1,0,9500,1,0,2,1,1,159000,"""150000-175000"""
368,80,1,101,9150,1,0,2,1,1,165000,"""150000-175000"""
369,20,1,78,7800,1,0,1,1,1,132000,"""125000-149999"""
370,20,1,0,9830,1,0,2,1,1,162000,"""150000-175000"""
371,60,1,0,8121,1,0,2,1,1,172400,"""150000-175000"""
372,50,1,80,17120,1,0,1,1,1,134432,"""125000-149999"""
373,120,1,50,7175,1,0,1,1,1,125000,"""125000-149999"""
374,20,1,79,10634,1,0,1,1,1,123000,"""100001 - 124999"""
375,60,1,65,8200,1,0,1,1,1,219500,"""200000-224999"""
376,30,1,0,10020,1,0,2,3,1,61000,"""0-100000"""
377,85,1,57,8846,1,0,2,1,1,148000,"""125000-149999"""
378,60,4,102,11143,1,0,2,1,1,340000,"""300000"""
379,20,1,88,11394,1,0,1,1,1,394432,"""300000"""
380,60,1,60,8123,1,0,2,1,1,179000,"""175000-200000"""
381,50,1,50,5000,1,2,1,1,1,127000,"""125000-149999"""
382,20,4,60,7200,1,2,1,1,1,187750,"""175000-200000"""
383,60,1,79,9245,1,0,2,1,1,213500,"""200000-224999"""
384,45,5,60,9000,1,0,1,1,1,76000,"""0-100000"""
385,60,1,0,53107,1,0,3,3,1,240000,"""22500-250000"""
386,120,1,43,3182,1,0,1,1,1,192000,"""175000-200000"""
387,50,1,58,8410,1,0,1,1,1,81000,"""0-100000"""
388,80,1,72,7200,1,0,1,1,1,125000,"""125000-149999"""
389,20,1,93,9382,1,0,2,1,1,191000,"""175000-200000"""
390,60,1,96,12474,1,0,1,1,1,426000,"""300000"""
391,50,1,50,8405,1,1,1,1,1,119000,"""100001 - 124999"""
392,60,1,71,12209,1,0,2,1,1,215000,"""200000-224999"""
393,20,1,0,8339,1,0,2,1,1,106500,"""100001 - 124999"""
394,30,1,0,7446,1,0,1,1,1,100000,"""300000"""
395,50,1,60,10134,1,0,1,1,1,109000,"""100001 - 124999"""
396,20,1,68,9571,1,0,1,1,1,129000,"""125000-149999"""
397,20,1,60,7200,1,0,1,3,1,123000,"""100001 - 124999"""
398,60,1,69,7590,1,0,1,1,1,169500,"""150000-175000"""
399,30,2,60,8967,1,0,1,1,1,67000,"""0-100000"""
400,60,4,65,8125,1,0,1,1,1,241000,"""22500-250000"""
401,120,1,38,14963,1,0,3,1,1,245500,"""22500-250000"""
402,20,1,65,8767,1,0,2,1,1,164990,"""150000-175000"""
403,30,1,60,10200,1,0,1,1,1,108000,"""100001 - 124999"""
404,60,1,93,12090,1,0,1,1,1,258000,"""250000-275000"""
405,60,1,0,10364,1,0,2,1,1,168000,"""150000-175000"""
406,20,1,0,9991,1,0,2,1,1,150000,"""300000"""
407,50,1,51,10480,1,0,1,1,1,115000,"""100001 - 124999"""
408,70,1,63,15576,1,0,1,1,1,177000,"""175000-200000"""
409,60,1,109,14154,1,0,1,1,1,280000,"""275000-300000"""
410,60,4,85,10800,1,0,1,1,1,339750,"""300000"""
411,20,1,68,9571,1,0,1,1,1,60000,"""0-100000"""
412,190,1,100,34650,1,0,1,2,1,145000,"""125000-149999"""
413,20,4,0,4403,1,0,3,1,1,222000,"""200000-224999"""
414,30,2,56,8960,1,1,1,1,1,115000,"""100001 - 124999"""
415,60,1,59,11228,1,0,3,1,1,228000,"""22500-250000"""
416,20,1,73,8899,1,0,2,1,1,181134,"""175000-200000"""
417,60,1,74,7844,1,0,1,1,1,149500,"""125000-149999"""
418,70,1,86,22420,1,0,2,1,1,239000,"""22500-250000"""
419,50,1,60,8160,1,0,1,1,1,126000,"""125000-149999"""
420,20,1,65,8450,1,0,1,1,1,142000,"""125000-149999"""
421,90,2,78,7060,1,0,1,1,1,206300,"""200000-224999"""
422,20,1,0,16635,1,0,2,1,1,215000,"""200000-224999"""
423,20,1,100,21750,1,0,1,4,1,113000,"""100001 - 124999"""
424,60,1,80,9200,1,0,1,1,1,315000,"""300000"""
425,20,1,72,9000,1,0,1,1,1,139000,"""125000-149999"""
426,60,2,60,3378,1,1,1,4,1,135000,"""125000-149999"""
427,80,1,0,12800,1,0,1,3,1,275000,"""300000"""
428,20,1,77,8593,1,0,2,1,1,109008,"""100001 - 124999"""
429,20,1,64,6762,1,0,1,1,1,195400,"""175000-200000"""
430,20,1,130,11457,1,0,2,1,1,175000,"""300000"""
431,160,2,21,1680,1,0,1,1,1,85400,"""0-100000"""
432,50,2,60,5586,1,0,2,2,1,79900,"""0-100000"""
433,160,2,24,1920,1,0,1,1,1,122500,"""100001 - 124999"""
434,60,1,100,10839,1,0,2,1,1,181000,"""175000-200000"""
435,180,2,21,1890,1,0,1,1,1,81000,"""0-100000"""
436,60,1,43,10667,1,0,3,1,1,212000,"""200000-224999"""
437,50,2,40,4400,1,0,1,1,1,116000,"""100001 - 124999"""
438,45,2,50,6000,1,0,1,1,1,119000,"""100001 - 124999"""
439,30,1,40,4280,1,0,1,1,1,90350,"""0-100000"""
440,50,1,67,12354,1,1,1,1,1,110000,"""100001 - 124999"""
441,20,1,105,15431,1,0,1,1,1,555000,"""300000"""
442,90,1,92,12108,1,0,1,1,1,118000,"""100001 - 124999"""
443,50,2,52,6240,1,0,1,1,1,162900,"""150000-175000"""
444,120,1,53,3922,1,0,1,1,1,172500,"""150000-175000"""
445,60,1,70,8750,1,0,1,1,1,210000,"""200000-224999"""
446,20,1,73,9855,1,0,1,1,1,127500,"""125000-149999"""
447,20,1,137,16492,1,0,2,1,1,190000,"""175000-200000"""
448,60,1,0,11214,1,0,2,1,1,199900,"""175000-200000"""
449,50,2,50,8600,1,0,1,2,1,119500,"""100001 - 124999"""
450,50,2,50,6000,1,0,1,1,1,120000,"""100001 - 124999"""
451,30,2,70,5684,1,0,1,1,1,110000,"""100001 - 124999"""
452,20,1,62,70761,1,0,2,3,1,280000,"""275000-300000"""
453,60,1,0,9303,1,0,2,1,1,204000,"""200000-224999"""
454,60,4,75,9000,1,0,1,1,1,210000,"""200000-224999"""
455,90,1,63,9297,1,0,1,1,1,188000,"""175000-200000"""
456,20,1,80,9600,1,0,1,1,1,175500,"""175000-200000"""
457,70,2,34,4571,1,1,1,1,1,98000,"""0-100000"""
458,20,1,0,53227,1,0,2,3,1,256000,"""250000-275000"""
459,70,2,0,5100,1,1,1,1,1,161000,"""150000-175000"""
460,50,1,0,7015,1,0,2,2,1,110000,"""100001 - 124999"""
461,60,4,75,8004,1,0,2,1,1,263435,"""250000-275000"""
462,70,1,60,7200,1,0,1,1,1,155000,"""150000-175000"""
463,20,1,60,8281,1,0,2,1,1,62383,"""0-100000"""
464,70,1,74,11988,1,0,2,4,1,188700,"""175000-200000"""
465,20,1,60,8430,1,0,1,4,1,124000,"""100001 - 124999"""
466,120,2,0,3072,1,0,1,1,1,178740,"""175000-200000"""
467,20,1,85,10628,1,0,1,1,1,167000,"""150000-175000"""
468,70,1,79,9480,1,0,1,1,1,146500,"""125000-149999"""
469,20,1,98,11428,1,0,2,1,1,250000,"""300000"""
470,60,1,76,9291,1,0,2,1,1,187000,"""175000-200000"""
471,120,1,0,6820,1,0,2,1,1,212000,"""200000-224999"""
472,60,1,92,11952,1,0,1,1,1,190000,"""175000-200000"""
473,180,2,35,3675,1,0,1,1,1,148000,"""125000-149999"""
474,20,1,110,14977,1,0,2,1,1,440000,"""300000"""
475,120,1,41,5330,1,0,1,1,1,251000,"""250000-275000"""
476,20,1,80,8480,1,0,1,1,1,132500,"""125000-149999"""
477,20,1,75,13125,1,0,1,1,1,208900,"""200000-224999"""
478,60,1,105,13693,1,0,1,1,1,380000,"""300000"""
479,20,1,79,10637,1,0,1,1,1,297000,"""275000-300000"""
480,30,2,50,5925,1,0,1,2,1,89471,"""0-100000"""
481,20,1,98,16033,1,0,2,1,1,326000,"""300000"""
482,20,1,72,11846,1,0,2,4,1,374000,"""300000"""
483,70,2,50,2500,1,2,1,1,1,155000,"""150000-175000"""
484,120,2,32,4500,1,0,1,1,1,164000,"""150000-175000"""
485,20,1,0,7758,1,0,2,1,1,132500,"""125000-149999"""
486,20,1,80,9600,1,0,1,1,1,147000,"""125000-149999"""
487,20,1,79,10289,1,0,1,1,1,156000,"""150000-175000"""
488,20,1,70,12243,1,0,2,1,1,175000,"""300000"""
489,190,1,60,10800,1,0,1,1,1,160000,"""150000-175000"""
490,180,2,21,1526,1,0,1,1,1,86000,"""0-100000"""
491,160,2,0,2665,1,0,1,1,1,115000,"""100001 - 124999"""
492,50,1,79,9490,1,0,1,1,1,133000,"""125000-149999"""
493,60,1,105,15578,1,0,2,1,1,172785,"""150000-175000"""
494,20,1,70,7931,1,0,1,1,1,155000,"""150000-175000"""
495,30,2,50,5784,1,0,1,1,1,91300,"""0-100000"""
496,30,3,60,7879,1,0,1,1,1,34900,"""0-100000"""
497,20,1,0,12692,1,0,2,1,1,430000,"""300000"""
498,50,1,60,9120,1,2,1,1,1,184000,"""175000-200000"""
499,20,1,65,7800,1,0,1,1,1,130000,"""125000-149999"""
500,20,1,70,7535,1,0,2,1,1,120000,"""100001 - 124999"""
501,160,2,21,1890,1,0,1,1,1,113000,"""100001 - 124999"""
502,60,4,75,9803,1,0,1,1,1,226700,"""22500-250000"""
503,20,1,70,9170,1,0,1,1,1,140000,"""125000-149999"""
504,20,1,100,15602,1,0,2,1,1,289000,"""275000-300000"""
505,160,1,24,2308,1,0,1,1,1,147000,"""125000-149999"""
506,90,2,60,7596,1,1,1,1,1,124500,"""100001 - 124999"""
507,60,1,80,9554,1,0,2,1,1,215000,"""200000-224999"""
508,20,4,75,7862,1,0,2,1,1,208300,"""200000-224999"""
509,70,2,60,9600,1,0,1,1,1,161000,"""150000-175000"""
510,20,1,80,9600,1,0,1,1,1,124500,"""100001 - 124999"""
511,20,1,75,14559,1,0,1,1,1,164900,"""150000-175000"""
512,120,1,40,6792,1,0,2,1,1,202665,"""200000-224999"""
513,20,1,70,9100,1,0,1,1,1,129900,"""125000-149999"""
514,20,1,71,9187,1,0,1,2,1,134000,"""125000-149999"""
515,45,1,55,10594,1,0,1,1,1,96500,"""0-100000"""
516,20,1,94,12220,1,0,1,1,1,402861,"""300000"""
517,80,1,0,10448,1,0,2,1,1,158000,"""150000-175000"""
518,60,1,79,10208,1,0,2,1,1,265000,"""250000-275000"""
519,60,1,0,9531,1,0,2,1,1,211000,"""200000-224999"""
520,70,1,53,10918,1,0,1,1,1,234000,"""22500-250000"""
521,190,1,60,10800,1,1,1,1,1,106250,"""100001 - 124999"""
522,20,1,90,11988,1,0,2,1,1,150000,"""300000"""
523,50,2,50,5000,1,0,1,1,1,159000,"""150000-175000"""
524,60,1,130,40094,1,0,2,2,1,184750,"""175000-200000"""
525,60,1,95,11787,1,0,2,1,1,315750,"""300000"""
526,20,4,62,7500,1,2,1,1,1,176000,"""175000-200000"""
527,20,1,70,13300,1,0,1,1,1,132000,"""125000-149999"""
528,60,1,67,14948,1,0,2,1,1,446261,"""300000"""
529,30,1,58,9098,1,0,2,1,1,86000,"""0-100000"""
530,20,1,0,32668,1,0,2,1,1,200624,"""200000-224999"""
531,80,1,85,10200,1,0,1,1,1,175000,"""300000"""
532,70,2,60,6155,1,0,2,1,1,128000,"""125000-149999"""
533,20,1,60,7200,1,0,1,1,1,107500,"""100001 - 124999"""
534,20,1,50,5000,1,0,1,3,1,39300,"""0-100000"""
535,60,1,74,9056,1,0,2,1,1,178000,"""175000-200000"""
536,190,1,70,7000,1,0,1,1,1,107500,"""100001 - 124999"""
537,60,1,57,8924,1,0,2,1,1,188000,"""175000-200000"""
538,20,1,0,12735,1,0,2,1,1,111250,"""100001 - 124999"""
539,20,1,0,11553,1,0,2,1,1,158000,"""150000-175000"""
540,20,1,0,11423,1,0,1,1,1,272000,"""250000-275000"""
541,20,1,85,14601,1,0,1,1,1,315000,"""300000"""
542,60,1,0,11000,1,0,1,1,1,248000,"""22500-250000"""
543,20,1,78,10140,1,0,1,1,1,213250,"""200000-224999"""
544,120,5,34,4058,1,0,1,1,1,133000,"""125000-149999"""
545,60,1,58,17104,1,0,2,1,1,179665,"""175000-200000"""
546,50,1,0,13837,1,0,2,1,1,229000,"""22500-250000"""
547,50,1,70,8737,1,0,2,2,1,210000,"""200000-224999"""
548,85,1,54,7244,1,0,1,1,1,129500,"""125000-149999"""
549,20,2,49,8235,1,0,2,4,1,125000,"""125000-149999"""
550,60,4,75,9375,1,0,1,1,1,263000,"""250000-275000"""
551,120,1,53,4043,1,0,1,1,1,140000,"""125000-149999"""
552,20,2,50,6000,1,0,1,1,1,112500,"""100001 - 124999"""
553,20,1,87,11146,1,0,2,1,1,255500,"""250000-275000"""
554,20,1,67,8777,1,0,1,1,1,108000,"""100001 - 124999"""
555,60,1,85,10625,1,0,1,1,1,284000,"""275000-300000"""
556,45,2,58,6380,1,0,1,1,1,113000,"""100001 - 124999"""
557,20,1,69,14850,1,0,2,1,1,141000,"""125000-149999"""
558,50,3,60,11040,1,0,1,3,1,108000,"""100001 - 124999"""
559,60,1,57,21872,1,0,3,4,1,175000,"""300000"""
560,120,1,0,3196,1,0,1,1,1,234000,"""22500-250000"""
561,20,1,0,11341,1,0,2,1,1,121500,"""100001 - 124999"""
562,20,1,77,10010,1,0,1,1,1,170000,"""150000-175000"""
563,30,1,63,13907,1,0,1,1,1,108000,"""100001 - 124999"""
564,50,1,66,21780,1,0,1,1,1,185000,"""175000-200000"""
565,60,1,0,13346,1,0,2,1,1,268000,"""250000-275000"""
566,70,1,66,6858,1,0,1,2,1,128000,"""125000-149999"""
567,60,1,77,11198,1,0,2,1,1,325000,"""300000"""
568,20,1,70,10171,1,0,2,1,1,214000,"""200000-224999"""
569,50,1,79,12327,1,0,2,3,1,316600,"""300000"""
570,90,1,0,7032,1,0,2,1,1,135960,"""125000-149999"""
571,90,1,74,13101,1,0,2,1,1,142600,"""125000-149999"""
572,20,1,60,7332,1,0,1,1,1,120000,"""100001 - 124999"""
573,60,1,83,13159,1,0,2,4,1,224500,"""200000-224999"""
574,80,1,76,9967,1,0,2,1,1,170000,"""150000-175000"""
575,80,1,70,10500,1,0,1,1,1,139000,"""125000-149999"""
576,50,1,80,8480,1,0,1,1,1,118500,"""100001 - 124999"""
577,50,1,52,6292,1,0,1,1,1,145000,"""125000-149999"""
578,80,1,96,11777,1,0,2,1,1,164500,"""150000-175000"""
579,160,4,34,3604,1,2,1,1,1,146000,"""125000-149999"""
580,50,2,81,12150,1,1,1,1,1,131500,"""125000-149999"""
581,20,1,0,14585,1,0,2,1,1,181900,"""175000-200000"""
582,20,1,98,12704,1,0,1,1,1,253293,"""250000-275000"""
583,90,1,81,11841,2,0,1,1,1,118500,"""100001 - 124999"""
584,75,2,75,13500,1,0,1,1,1,325000,"""300000"""
585,50,2,51,6120,1,0,1,1,1,133000,"""125000-149999"""
586,20,1,88,11443,1,0,1,1,1,369900,"""300000"""
587,30,1,55,10267,1,0,1,1,1,130000,"""125000-149999"""
588,85,1,74,8740,1,0,2,1,1,137000,"""125000-149999"""
589,20,1,65,25095,1,0,2,3,1,143000,"""125000-149999"""
590,40,2,50,9100,1,0,1,1,1,79500,"""0-100000"""
591,60,1,64,8320,1,0,1,1,1,185900,"""175000-200000"""
592,60,1,97,13478,1,0,2,1,1,451950,"""300000"""
593,20,1,60,6600,1,0,1,1,1,138000,"""125000-149999"""
594,120,2,0,4435,1,0,1,1,1,140000,"""125000-149999"""
595,20,1,88,7990,1,0,2,1,1,110000,"""100001 - 124999"""
596,20,1,69,11302,1,0,2,1,1,319000,"""300000"""
597,70,2,60,3600,1,1,1,1,1,114504,"""100001 - 124999"""
598,120,1,53,3922,1,0,1,1,1,194201,"""175000-200000"""
599,20,1,80,12984,1,0,1,2,1,217500,"""200000-224999"""
600,160,2,24,1950,1,0,1,1,1,151000,"""150000-175000"""
601,60,1,74,10927,1,0,1,1,1,275000,"""300000"""
602,50,2,50,9000,1,0,1,2,1,141000,"""125000-149999"""
603,60,1,80,10041,1,0,2,1,1,220000,"""200000-224999"""
604,160,4,30,3182,1,2,1,1,1,151000,"""150000-175000"""
605,20,1,88,12803,1,0,2,1,1,221000,"""200000-224999"""
606,60,1,85,13600,1,0,1,1,1,205000,"""200000-224999"""
607,20,1,82,12464,1,0,3,3,1,152000,"""150000-175000"""
608,20,1,78,7800,1,0,1,2,1,225000,"""300000"""
609,70,1,78,12168,1,0,1,4,1,359100,"""300000"""
610,20,1,61,7943,1,0,1,1,1,118500,"""100001 - 124999"""
611,60,1,0,11050,1,0,1,1,1,313000,"""300000"""
612,80,1,0,10395,1,0,2,1,1,148000,"""125000-149999"""
613,60,1,0,11885,1,0,1,1,1,261500,"""250000-275000"""
614,20,1,70,8402,1,0,1,1,1,147000,"""125000-149999"""
615,180,2,21,1491,1,0,1,1,1,75500,"""0-100000"""
616,85,1,80,8800,1,0,1,1,1,137500,"""125000-149999"""
617,60,1,0,7861,1,0,2,1,1,183200,"""175000-200000"""
618,45,1,59,7227,1,0,1,4,1,105500,"""100001 - 124999"""
619,20,1,90,11694,1,0,1,1,1,314813,"""300000"""
620,60,1,85,12244,1,0,1,1,1,305000,"""300000"""
621,30,1,45,8248,1,1,1,1,1,67000,"""0-100000"""
622,60,1,90,10800,1,0,1,1,1,240000,"""22500-250000"""
623,20,1,71,7064,1,0,1,1,1,135000,"""125000-149999"""
624,160,4,0,2117,1,0,1,1,1,168500,"""150000-175000"""
625,60,1,80,10400,1,0,1,1,1,165150,"""150000-175000"""
626,20,1,87,10000,1,0,2,1,1,160000,"""150000-175000"""
627,20,1,0,12342,1,0,2,1,1,139900,"""125000-149999"""
628,80,1,80,9600,1,0,1,1,1,153000,"""150000-175000"""
629,60,1,70,11606,1,0,2,4,1,135000,"""125000-149999"""
630,80,1,82,9020,1,0,1,1,1,168500,"""150000-175000"""
631,70,2,50,9000,1,1,1,1,1,124000,"""100001 - 124999"""
632,120,1,34,4590,1,0,1,1,1,209500,"""200000-224999"""
633,20,1,85,11900,1,0,1,1,1,82500,"""0-100000"""
634,20,1,80,9250,1,0,1,1,1,139400,"""125000-149999"""
635,90,1,64,6979,1,0,1,1,1,144000,"""125000-149999"""
636,190,5,60,10896,1,2,1,2,1,200000,"""200000-224999"""
637,30,2,51,6120,1,0,1,1,1,60000,"""0-100000"""
638,190,2,50,6000,1,0,1,1,1,93000,"""0-100000"""
639,30,1,67,8777,1,0,1,1,1,85000,"""0-100000"""
640,120,1,53,3982,1,0,1,1,1,264561,"""250000-275000"""
641,120,1,62,12677,1,0,2,1,1,274000,"""250000-275000"""
642,60,4,0,7050,1,0,1,1,1,226000,"""22500-250000"""
643,80,1,75,13860,1,0,1,1,1,345000,"""300000"""
644,60,1,80,10793,1,0,1,1,1,152000,"""150000-175000"""
645,20,4,85,9187,1,0,1,1,1,370878,"""300000"""
646,20,1,0,10530,1,0,2,1,1,143250,"""125000-149999"""
647,20,1,60,7200,1,0,1,1,1,98300,"""0-100000"""
648,20,1,85,10452,1,0,2,1,1,155000,"""150000-175000"""
649,60,1,70,7700,1,0,1,1,1,155000,"""150000-175000"""
650,180,2,21,1936,1,0,1,1,1,84500,"""0-100000"""
651,60,4,65,8125,1,0,1,1,1,205950,"""200000-224999"""
652,70,1,60,9084,1,0,1,1,1,108000,"""100001 - 124999"""
653,60,1,70,8750,1,0,1,1,1,191000,"""175000-200000"""
654,50,2,60,10320,1,1,1,1,1,135000,"""125000-149999"""
655,20,1,91,10437,1,0,2,1,1,350000,"""300000"""
656,160,2,21,1680,1,0,1,1,1,88000,"""0-100000"""
657,20,1,72,10007,1,0,2,1,1,145500,"""125000-149999"""
658,70,1,60,7200,1,0,1,4,1,149000,"""125000-149999"""
659,50,1,78,17503,1,0,1,1,1,97500,"""0-100000"""
660,20,1,75,9937,1,0,1,1,1,167000,"""150000-175000"""
661,60,1,0,12384,1,0,1,1,1,197900,"""175000-200000"""
662,60,1,52,46589,1,0,3,1,1,402000,"""300000"""
663,20,1,120,13560,1,0,1,1,1,110000,"""100001 - 124999"""
664,85,1,90,10012,1,0,1,1,1,137500,"""125000-149999"""
665,20,1,49,20896,1,0,3,1,1,423000,"""300000"""
666,60,1,106,11194,1,0,2,1,1,230500,"""22500-250000"""
667,60,1,0,18450,1,0,2,1,1,129000,"""125000-149999"""
668,20,1,65,8125,1,0,1,1,1,193500,"""175000-200000"""
669,20,1,0,14175,1,0,1,2,1,168000,"""150000-175000"""
670,30,1,80,11600,1,0,1,1,1,137500,"""125000-149999"""
671,60,1,64,8633,1,0,1,1,1,173500,"""150000-175000"""
672,70,5,54,6629,1,0,1,1,1,103600,"""100001 - 124999"""
673,20,1,0,11250,1,0,2,1,1,165000,"""150000-175000"""
674,20,1,110,14442,1,0,1,1,1,257500,"""250000-275000"""
675,20,1,80,9200,1,0,1,1,1,140000,"""125000-149999"""
676,160,1,24,2289,1,0,1,1,1,148500,"""125000-149999"""
677,70,2,60,9600,1,1,1,1,1,87000,"""0-100000"""
678,30,1,52,9022,1,0,1,1,1,109500,"""100001 - 124999"""
679,20,1,80,11844,1,0,2,1,1,372500,"""300000"""
680,20,1,0,9945,1,0,2,1,1,128500,"""125000-149999"""
681,120,1,50,8012,1,0,1,1,1,143000,"""125000-149999"""
682,50,5,55,4500,1,2,3,2,1,159434,"""150000-175000"""
683,120,1,0,2887,1,0,1,4,1,173000,"""150000-175000"""
684,20,1,90,11248,1,0,2,1,1,285000,"""275000-300000"""
685,60,1,58,16770,1,0,3,1,1,221000,"""200000-224999"""
686,160,1,0,5062,1,0,2,1,1,207500,"""200000-224999"""
687,60,4,84,10207,1,0,1,1,1,227875,"""22500-250000"""
688,160,4,0,5105,1,0,3,1,1,148800,"""125000-149999"""
689,20,1,60,8089,1,0,1,4,1,392000,"""300000"""
690,120,1,61,7577,1,0,2,1,1,194700,"""175000-200000"""
691,120,2,0,4426,1,0,1,1,1,141000,"""125000-149999"""
692,60,1,104,21535,1,0,2,1,1,755000,"""300000"""
693,60,1,42,26178,1,0,2,1,1,335000,"""300000"""
694,30,1,60,5400,1,0,1,1,1,108480,"""100001 - 124999"""
695,50,2,51,6120,1,0,1,1,1,141500,"""125000-149999"""
696,20,1,54,13811,1,0,2,1,1,176000,"""175000-200000"""
697,30,2,50,6000,1,0,1,1,1,89000,"""0-100000"""
698,20,1,57,6420,1,0,2,1,1,123500,"""100001 - 124999"""
699,20,1,65,8450,1,0,1,1,1,138500,"""125000-149999"""
700,120,4,59,4282,1,2,3,1,1,196000,"""175000-200000"""
701,20,1,85,14331,1,0,1,1,1,312500,"""300000"""
702,20,1,80,9600,1,0,1,1,1,140000,"""125000-149999"""
703,60,1,82,12438,1,0,2,1,1,361919,"""300000"""
704,190,2,76,7630,1,0,1,1,1,140000,"""125000-149999"""
705,20,1,70,8400,1,0,1,1,1,213000,"""200000-224999"""
706,190,2,70,5600,1,0,1,1,1,55000,"""0-100000"""
707,20,1,0,115149,1,0,3,3,1,302000,"""300000"""
708,120,1,48,6240,1,0,1,1,1,254000,"""250000-275000"""
709,60,1,65,9018,1,0,2,1,1,179540,"""175000-200000"""
710,20,1,0,7162,1,0,2,1,1,109900,"""100001 - 124999"""
711,30,1,56,4130,1,0,2,1,1,52000,"""0-100000"""
712,50,3,66,8712,1,2,1,4,1,102776,"""100001 - 124999"""
713,120,1,40,4671,1,0,2,4,1,189000,"""175000-200000"""
714,190,1,60,9873,1,0,1,1,1,129000,"""125000-149999"""
715,60,1,0,13517,1,0,2,1,1,130500,"""125000-149999"""
716,20,1,78,10140,1,0,1,1,1,165000,"""150000-175000"""
717,70,2,60,10800,1,1,1,2,1,159500,"""150000-175000"""
718,20,1,80,10000,1,0,1,1,1,157000,"""150000-175000"""
719,60,1,96,10542,1,0,1,1,1,341000,"""300000"""
720,20,1,69,9920,1,0,2,1,1,128500,"""125000-149999"""
721,120,1,0,6563,1,0,2,3,1,275000,"""300000"""
722,120,2,0,4426,1,0,1,1,1,143000,"""125000-149999"""
723,20,1,70,8120,1,0,1,1,1,124500,"""100001 - 124999"""
724,50,1,60,8172,1,0,1,1,1,135000,"""125000-149999"""
725,20,1,86,13286,1,0,2,1,1,320000,"""300000"""
726,20,1,60,6960,1,0,1,1,1,120500,"""100001 - 124999"""
727,20,1,0,21695,1,0,2,1,1,222000,"""200000-224999"""
728,20,1,64,7314,1,0,1,1,1,194500,"""175000-200000"""
729,90,1,85,11475,1,0,1,1,1,110000,"""100001 - 124999"""
730,30,2,52,6240,1,1,1,1,1,103000,"""100001 - 124999"""
731,120,1,39,5389,1,0,2,1,1,236500,"""22500-250000"""
732,80,1,73,9590,1,0,2,1,1,187500,"""175000-200000"""
733,60,1,75,11404,1,0,2,1,1,222500,"""200000-224999"""
734,20,1,80,10000,1,0,1,1,1,131400,"""125000-149999"""
735,20,1,0,8978,1,0,2,1,1,108000,"""100001 - 124999"""
736,75,2,60,10800,1,0,1,1,1,163000,"""150000-175000"""
737,90,1,60,8544,1,0,1,1,1,93500,"""0-100000"""
738,60,1,72,10463,1,0,2,4,1,239900,"""22500-250000"""
739,90,1,60,10800,1,0,1,1,1,179000,"""175000-200000"""
740,60,1,65,9313,1,0,2,1,1,190000,"""175000-200000"""
741,70,2,60,9600,1,1,1,1,1,132000,"""125000-149999"""
742,20,1,65,6768,1,0,2,1,1,142000,"""125000-149999"""
743,20,1,65,8450,1,0,1,1,1,179000,"""175000-200000"""
744,80,1,70,12886,1,0,2,1,1,175000,"""300000"""
745,120,1,41,5395,1,0,2,4,1,180000,"""175000-200000"""
746,60,1,0,8963,1,0,2,1,1,299800,"""275000-300000"""
747,60,1,0,8795,1,0,2,1,1,236000,"""22500-250000"""
748,70,2,65,11700,1,2,2,1,1,265979,"""250000-275000"""
749,20,1,59,10593,1,0,2,1,1,260400,"""250000-275000"""
750,50,1,50,8405,1,0,1,1,1,98000,"""0-100000"""
751,50,2,55,8800,1,1,1,1,1,96500,"""0-100000"""
752,60,1,0,7750,1,0,1,1,1,162000,"""150000-175000"""
753,20,1,79,9236,1,0,2,1,1,217000,"""200000-224999"""
754,60,1,80,10240,1,0,1,1,1,275500,"""275000-300000"""
755,20,1,61,7930,1,0,1,1,1,156000,"""150000-175000"""
756,160,4,34,3230,1,2,1,1,1,172500,"""150000-175000"""
757,60,1,68,10769,1,0,2,1,1,212000,"""200000-224999"""
758,60,1,0,11616,1,0,2,1,1,158900,"""150000-175000"""
759,160,4,24,2280,1,2,1,1,1,179400,"""175000-200000"""
760,60,1,65,12257,1,0,2,1,1,290000,"""275000-300000"""
761,20,1,70,9100,1,0,1,1,1,127500,"""125000-149999"""
762,30,2,60,6911,1,0,1,1,1,100000,"""300000"""
763,60,4,72,8640,1,0,1,1,1,215200,"""200000-224999"""
764,60,1,82,9430,1,0,1,1,1,337000,"""300000"""
765,120,1,30,9549,1,0,2,1,1,270000,"""250000-275000"""
766,20,1,75,14587,1,0,2,1,1,264132,"""250000-275000"""
767,60,1,80,10421,1,0,1,1,1,196500,"""175000-200000"""
768,50,1,75,12508,1,0,2,1,1,160000,"""150000-175000"""
769,20,1,70,9100,1,0,1,1,1,216837,"""200000-224999"""
770,60,1,47,53504,1,0,3,4,1,538000,"""300000"""
771,85,1,0,7252,1,0,2,1,1,134900,"""125000-149999"""
772,20,1,67,8877,1,0,1,1,1,102000,"""100001 - 124999"""
773,80,1,94,7819,1,0,1,1,1,107000,"""100001 - 124999"""
774,20,1,70,10150,1,0,1,1,1,114500,"""100001 - 124999"""
775,20,1,110,14226,1,0,1,1,1,395000,"""300000"""
776,120,2,32,4500,1,0,1,1,1,162000,"""150000-175000"""
777,20,1,86,11210,1,0,2,1,1,221500,"""200000-224999"""
778,20,1,100,13350,1,0,2,1,1,142500,"""125000-149999"""
779,90,5,60,8400,1,0,1,1,1,144000,"""125000-149999"""
780,90,1,78,10530,1,0,1,1,1,135000,"""125000-149999"""
781,20,1,63,7875,1,0,1,1,1,176000,"""175000-200000"""
782,60,1,65,7153,1,0,1,1,1,175900,"""175000-200000"""
783,20,1,67,16285,1,0,3,1,1,187100,"""175000-200000"""
784,85,1,0,9101,1,0,2,1,1,165500,"""150000-175000"""
785,75,2,35,6300,1,1,1,1,1,128000,"""125000-149999"""
786,20,1,0,9790,1,0,1,1,1,161500,"""150000-175000"""
787,50,2,60,10800,1,0,1,1,1,139000,"""125000-149999"""
788,60,1,76,10142,1,0,2,1,1,233000,"""22500-250000"""
789,20,2,50,6000,1,0,1,1,1,107900,"""100001 - 124999"""
790,60,1,0,12205,1,0,2,3,1,187500,"""175000-200000"""
791,120,1,43,3182,1,0,1,1,1,160200,"""150000-175000"""
792,80,1,0,11333,1,0,2,1,1,146800,"""125000-149999"""
793,60,1,92,9920,1,0,2,1,1,269790,"""250000-275000"""
794,20,1,76,9158,1,0,1,1,1,225000,"""300000"""
795,60,1,0,10832,1,0,2,1,1,194500,"""175000-200000"""
796,60,1,70,8400,1,0,1,1,1,171000,"""150000-175000"""
797,20,1,71,8197,1,0,1,1,1,143500,"""125000-149999"""
798,20,1,57,7677,1,0,1,1,1,110000,"""100001 - 124999"""
799,60,1,104,13518,1,0,1,1,1,485000,"""300000"""
800,50,1,60,7200,1,0,1,1,1,175000,"""300000"""
801,60,1,79,12798,1,0,2,4,1,200000,"""200000-224999"""
802,30,2,40,4800,1,0,1,1,1,109900,"""100001 - 124999"""
803,60,1,63,8199,1,0,1,1,1,189000,"""175000-200000"""
804,60,1,107,13891,1,0,1,1,1,582933,"""300000"""
805,20,1,75,9000,1,0,1,1,1,118000,"""100001 - 124999"""
806,20,1,91,12274,1,0,2,1,1,227680,"""22500-250000"""
807,80,1,75,9750,1,0,1,1,1,135500,"""125000-149999"""
808,70,1,144,21384,1,0,1,1,1,223500,"""200000-224999"""
809,80,1,85,13400,1,0,1,1,1,159950,"""150000-175000"""
810,75,2,90,8100,1,0,1,1,1,106000,"""100001 - 124999"""
811,20,1,78,10140,1,0,1,1,1,181000,"""175000-200000"""
812,120,2,0,4438,1,0,1,1,1,144500,"""125000-149999"""
813,20,3,66,8712,2,0,1,2,1,55993,"""0-100000"""
814,20,1,75,9750,1,0,1,1,1,157900,"""150000-175000"""
815,50,1,45,8248,1,1,1,1,1,116000,"""100001 - 124999"""
816,20,1,48,12137,1,0,3,1,1,224900,"""200000-224999"""
817,20,1,0,11425,1,0,2,1,1,137000,"""125000-149999"""
818,20,1,0,13265,1,0,2,1,1,271000,"""250000-275000"""
819,80,1,80,8816,1,0,1,1,1,155000,"""150000-175000"""
820,120,1,44,6371,1,0,2,1,1,224000,"""200000-224999"""
821,60,1,72,7226,1,0,2,1,1,183000,"""175000-200000"""
822,20,2,60,6000,1,2,1,2,1,93000,"""0-100000"""
823,60,1,0,12394,1,0,2,1,1,225000,"""300000"""
824,50,1,60,9900,1,0,1,1,1,139500,"""125000-149999"""
825,20,4,81,11216,1,0,1,1,1,232600,"""22500-250000"""
826,20,1,114,14803,1,0,1,1,1,385000,"""300000"""
827,45,2,50,6130,1,0,1,1,1,109500,"""100001 - 124999"""
828,20,1,65,8529,1,0,2,1,1,189000,"""175000-200000"""
829,60,1,0,28698,1,0,3,3,1,185000,"""175000-200000"""
830,160,4,24,2544,1,2,1,1,1,147400,"""125000-149999"""
831,20,1,80,11900,1,0,2,1,1,166000,"""150000-175000"""
832,160,4,30,3180,1,2,1,1,1,151000,"""150000-175000"""
833,60,1,44,9548,1,0,2,1,1,237000,"""22500-250000"""
834,20,1,100,10004,1,0,1,1,1,167000,"""150000-175000"""
835,20,1,75,7875,1,0,1,1,1,139950,"""125000-149999"""
836,20,1,60,9600,1,0,1,1,1,128000,"""125000-149999"""
837,30,2,90,8100,1,2,1,1,1,153500,"""150000-175000"""
838,160,2,21,1680,1,0,1,1,1,100000,"""300000"""
839,20,1,75,9525,1,0,1,1,1,144000,"""125000-149999"""
840,50,1,70,11767,1,0,1,1,1,130500,"""125000-149999"""
841,70,5,0,12155,1,0,2,1,1,140000,"""125000-149999"""
842,70,2,60,10440,1,1,1,1,1,157500,"""150000-175000"""
843,80,1,82,9020,1,0,1,1,1,174900,"""150000-175000"""
844,90,1,80,8000,1,0,1,1,1,141000,"""125000-149999"""
845,50,2,100,12665,1,1,2,1,1,153900,"""150000-175000"""
846,85,1,0,16647,1,0,2,1,1,171000,"""150000-175000"""
847,60,1,75,9317,1,0,1,1,1,213000,"""200000-224999"""
848,20,1,36,15523,1,0,2,1,1,133500,"""125000-149999"""
849,50,1,75,45600,1,0,3,2,1,240000,"""22500-250000"""
850,80,1,80,9600,1,0,1,1,1,187000,"""175000-200000"""
851,120,2,36,4435,1,0,1,1,1,131500,"""125000-149999"""
852,120,1,0,3196,1,0,1,1,1,215000,"""200000-224999"""
853,75,1,53,7128,1,0,1,1,1,164000,"""150000-175000"""
854,80,1,0,12095,1,0,2,1,1,158000,"""150000-175000"""
855,20,1,102,17920,1,0,1,1,1,170000,"""150000-175000"""
856,20,1,0,6897,1,0,2,1,1,127000,"""125000-149999"""
857,80,1,0,10970,1,0,2,3,1,147000,"""125000-149999"""
858,60,1,65,8125,1,0,1,1,1,174000,"""150000-175000"""
859,20,1,80,10400,1,0,1,1,1,152000,"""150000-175000"""
860,60,1,0,11029,1,0,2,1,1,250000,"""300000"""
861,50,1,55,7642,1,0,1,1,1,189950,"""175000-200000"""
862,190,1,75,11625,1,0,1,1,1,131500,"""125000-149999"""
863,20,1,81,9672,1,0,1,1,1,152000,"""150000-175000"""
864,20,1,70,7931,1,0,1,1,1,132500,"""125000-149999"""
865,20,4,72,8640,1,0,1,1,1,250580,"""250000-275000"""
866,20,1,0,8750,1,0,2,1,1,148500,"""125000-149999"""
867,20,1,67,10656,1,0,2,4,1,248900,"""22500-250000"""
868,20,1,85,6970,1,0,1,1,1,129000,"""125000-149999"""
869,60,1,0,14762,1,0,3,1,1,169000,"""150000-175000"""
870,60,1,80,9938,1,0,1,1,1,236000,"""22500-250000"""
871,20,1,60,6600,1,0,1,1,1,109500,"""100001 - 124999"""
872,60,1,70,8750,1,0,1,1,1,200500,"""200000-224999"""
873,20,1,74,8892,1,0,1,1,1,116000,"""100001 - 124999"""
874,40,1,60,12144,1,0,1,1,1,133000,"""125000-149999"""
875,50,2,52,5720,1,0,1,1,1,66500,"""0-100000"""
876,60,4,75,9000,1,0,1,1,1,303477,"""300000"""
877,20,1,94,25286,1,0,1,4,1,132250,"""125000-149999"""
878,60,1,74,8834,1,0,1,1,1,350000,"""300000"""
879,85,1,88,11782,1,0,2,1,1,148000,"""125000-149999"""
880,20,1,0,7000,1,0,2,1,1,136500,"""125000-149999"""
881,20,1,60,7024,1,0,1,1,1,157000,"""150000-175000"""
882,50,1,44,13758,1,0,2,1,1,187500,"""175000-200000"""
883,60,1,0,9636,1,0,2,1,1,178000,"""175000-200000"""
884,75,1,60,6204,1,0,1,2,1,118500,"""100001 - 124999"""
885,20,1,65,7150,1,0,1,1,1,100000,"""300000"""
886,120,4,50,5119,1,0,2,1,1,328900,"""300000"""
887,90,1,70,8393,1,0,1,1,1,145000,"""125000-149999"""
888,50,1,59,16466,1,0,2,1,1,135500,"""125000-149999"""
889,20,1,95,15865,1,0,2,1,1,268000,"""250000-275000"""
890,20,1,128,12160,1,0,1,1,1,149500,"""125000-149999"""
891,50,1,60,8064,1,0,1,1,1,122900,"""100001 - 124999"""
892,60,1,70,11184,1,0,1,1,1,172500,"""150000-175000"""
893,20,1,70,8414,1,0,1,1,1,154500,"""150000-175000"""
894,20,1,0,13284,1,0,1,1,1,165000,"""150000-175000"""
895,90,1,64,7018,1,0,1,2,1,118858,"""100001 - 124999"""
896,60,1,71,7056,1,0,1,1,1,140000,"""125000-149999"""
897,30,2,50,8765,1,1,1,1,1,106500,"""100001 - 124999"""
898,90,1,64,7018,1,0,1,1,1,142953,"""125000-149999"""
899,20,1,100,12919,1,0,2,1,1,611657,"""300000"""
900,20,1,65,6993,1,0,1,1,1,135000,"""125000-149999"""
901,20,1,0,7340,1,0,2,1,1,110000,"""100001 - 124999"""
902,20,1,64,8712,1,0,2,1,1,153000,"""150000-175000"""
903,60,1,63,7875,1,0,1,1,1,180000,"""175000-200000"""
904,20,1,50,14859,1,0,2,4,1,240000,"""22500-250000"""
905,20,1,0,6173,1,0,2,1,1,125500,"""125000-149999"""
906,20,1,80,9920,1,0,1,1,1,128000,"""125000-149999"""
907,20,1,116,13501,1,0,2,1,1,255000,"""250000-275000"""
908,50,1,86,11500,1,0,2,1,1,250000,"""300000"""
909,20,1,0,8885,1,0,2,3,1,131000,"""125000-149999"""
910,60,1,149,12589,1,0,3,1,1,174000,"""150000-175000"""
911,90,1,80,11600,1,0,1,1,1,154300,"""150000-175000"""
912,20,1,0,9286,1,0,2,1,1,143500,"""125000-149999"""
913,30,2,51,6120,1,0,1,1,1,88000,"""0-100000"""
914,90,5,82,6270,1,0,1,4,1,145000,"""125000-149999"""
915,160,4,30,3000,1,2,1,1,1,173733,"""150000-175000"""
916,160,2,21,2001,1,0,1,1,1,75000,"""0-100000"""
917,20,3,50,9000,1,0,1,1,1,35311,"""0-100000"""
918,20,1,0,17140,1,0,1,1,1,135000,"""125000-149999"""
919,60,1,103,13125,1,0,2,1,1,238000,"""22500-250000"""
920,20,1,87,11029,1,0,2,1,1,176500,"""175000-200000"""
921,60,1,70,8462,1,0,2,1,1,201000,"""200000-224999"""
922,90,1,67,8777,1,0,1,1,1,145900,"""125000-149999"""
923,20,1,65,10237,1,0,1,1,1,169990,"""150000-175000"""
924,120,1,50,8012,1,0,1,1,1,193000,"""175000-200000"""
925,20,1,79,10240,1,0,1,1,1,207500,"""200000-224999"""
926,20,1,0,15611,1,0,2,1,1,175000,"""300000"""
927,60,1,93,11999,1,0,1,1,1,285000,"""275000-300000"""
928,60,1,0,9900,1,0,1,1,1,176000,"""175000-200000"""
929,20,1,0,11838,1,0,1,1,1,236500,"""22500-250000"""
930,60,1,0,13006,1,0,2,1,1,222000,"""200000-224999"""
931,20,1,73,8925,1,0,2,4,1,201000,"""200000-224999"""
932,20,1,70,9100,1,0,1,1,1,117500,"""100001 - 124999"""
933,20,1,84,11670,1,0,2,1,1,320000,"""300000"""
934,20,1,63,8487,1,0,1,1,1,190000,"""175000-200000"""
935,20,1,313,27650,1,0,3,4,1,242000,"""22500-250000"""
936,30,1,52,5825,1,0,2,1,1,79900,"""0-100000"""
937,20,1,67,10083,1,0,1,1,1,184900,"""175000-200000"""
938,60,1,75,9675,1,0,1,1,1,253000,"""250000-275000"""
939,60,1,73,8760,1,0,1,1,1,239799,"""22500-250000"""
940,70,1,0,24090,1,0,1,1,1,244400,"""22500-250000"""
941,90,1,55,12640,1,0,2,1,1,150900,"""150000-175000"""
942,60,1,0,8755,1,0,2,1,1,214000,"""200000-224999"""
943,90,1,42,7711,1,0,2,1,1,150000,"""300000"""
944,90,1,100,25000,1,0,1,3,1,143000,"""125000-149999"""
945,20,1,0,14375,1,0,2,1,2,137500,"""125000-149999"""
946,50,2,98,8820,1,0,1,1,1,124900,"""100001 - 124999"""
947,80,1,70,8163,1,0,1,1,1,143000,"""125000-149999"""
948,20,1,85,14536,1,0,1,1,1,270000,"""250000-275000"""
949,60,1,65,14006,1,0,2,1,1,192500,"""175000-200000"""
950,20,1,78,9360,1,0,1,1,1,197500,"""175000-200000"""
951,20,1,60,7200,1,0,1,1,1,129000,"""125000-149999"""
952,20,5,60,7800,1,0,1,1,1,119900,"""100001 - 124999"""
953,85,1,60,7200,1,0,1,1,1,133900,"""125000-149999"""
954,60,1,0,11075,1,0,2,1,1,172000,"""150000-175000"""
955,90,1,35,9400,1,0,2,1,1,127500,"""125000-149999"""
956,90,5,82,7136,1,0,2,4,1,145000,"""125000-149999"""
957,160,2,24,1300,1,0,1,1,1,124000,"""100001 - 124999"""
958,20,1,70,7420,1,0,1,1,1,132000,"""125000-149999"""
959,20,1,65,8450,1,0,1,1,1,185000,"""175000-200000"""
960,160,4,24,2572,1,0,1,1,1,155000,"""150000-175000"""
961,20,1,50,7207,1,0,2,1,1,116500,"""100001 - 124999"""
962,60,1,0,12227,1,0,2,1,1,272000,"""250000-275000"""
963,160,1,24,2308,1,0,1,1,1,155000,"""150000-175000"""
964,20,1,122,11923,1,0,2,1,1,239000,"""22500-250000"""
965,60,1,80,11316,1,0,1,1,1,214900,"""200000-224999"""
966,60,1,65,10237,1,0,1,1,1,178900,"""175000-200000"""
967,50,1,130,9600,1,0,2,4,1,160000,"""150000-175000"""
968,20,1,0,7390,1,0,2,1,1,135000,"""125000-149999"""
969,50,2,50,5925,1,0,1,1,1,37900,"""0-100000"""
970,190,1,75,10382,1,0,1,1,1,140000,"""125000-149999"""
971,50,1,60,10800,1,0,1,1,1,135000,"""125000-149999"""
972,160,1,36,2268,1,0,1,1,1,173000,"""150000-175000"""
973,120,1,55,7892,1,0,1,1,1,99500,"""0-100000"""
974,20,4,95,11639,1,0,1,1,1,182000,"""175000-200000"""
975,70,1,60,11414,1,0,2,1,1,167500,"""150000-175000"""
976,160,4,0,2651,1,0,1,1,1,165000,"""150000-175000"""
977,30,1,51,5900,1,0,2,2,1,85500,"""0-100000"""
978,120,4,35,4274,1,2,2,1,1,199900,"""175000-200000"""
979,20,1,68,9450,1,0,1,2,1,110000,"""100001 - 124999"""
980,20,1,80,8816,1,0,1,1,1,139000,"""125000-149999"""
981,85,1,0,12122,1,0,2,1,1,178400,"""175000-200000"""
982,60,1,98,12203,1,0,2,1,1,336000,"""300000"""
983,20,1,43,3182,1,0,1,1,1,159895,"""150000-175000"""
984,60,1,0,11250,1,0,1,1,1,255900,"""250000-275000"""
985,90,1,75,10125,1,0,1,1,1,126000,"""125000-149999"""
986,190,1,68,10880,1,0,1,1,1,125000,"""125000-149999"""
987,50,2,59,5310,1,0,1,1,1,117000,"""100001 - 124999"""
988,20,1,83,10159,1,0,2,1,1,395192,"""300000"""
989,60,1,0,12046,1,0,2,1,1,195000,"""175000-200000"""
990,60,4,65,8125,1,0,1,1,1,197000,"""175000-200000"""
991,60,1,82,9452,1,0,1,1,1,348000,"""300000"""
992,70,2,121,17671,1,1,1,1,1,168000,"""150000-175000"""
993,60,1,80,9760,1,0,1,1,1,187000,"""175000-200000"""
994,60,1,68,8846,1,0,1,1,1,173900,"""150000-175000"""
995,20,1,96,12456,1,0,1,1,1,337500,"""300000"""
996,50,1,51,4712,1,0,2,1,1,121600,"""100001 - 124999"""
997,20,1,0,10659,1,0,2,1,1,136500,"""125000-149999"""
998,20,1,0,11717,1,0,2,1,1,185000,"""175000-200000"""
999,30,2,60,9786,1,0,1,1,1,91000,"""0-100000"""
1000,20,1,64,6762,1,0,1,1,1,206000,"""200000-224999"""
1001,20,1,74,10206,1,0,1,1,1,82000,"""0-100000"""
1002,30,1,60,5400,1,0,1,1,1,86000,"""0-100000"""
1003,20,1,75,11957,1,0,2,1,1,232000,"""22500-250000"""
1004,90,1,0,11500,1,0,2,1,1,136905,"""125000-149999"""
1005,120,1,43,3182,1,0,1,1,1,181000,"""175000-200000"""
1006,80,1,65,8385,1,0,1,1,1,149900,"""125000-149999"""
1007,20,1,0,12155,1,0,4,1,1,163500,"""150000-175000"""
1008,160,2,21,2217,1,0,1,1,1,88000,"""0-100000"""
1009,20,1,43,12118,1,0,2,1,1,240000,"""22500-250000"""
1010,50,1,60,6000,1,0,1,1,1,102000,"""100001 - 124999"""
1011,50,1,115,21286,1,0,1,1,1,135000,"""125000-149999"""
1012,90,1,75,9825,1,0,1,1,1,100000,"""300000"""
1013,70,1,55,10592,1,0,1,1,1,165000,"""150000-175000"""
1014,30,2,60,7200,1,0,1,1,1,85000,"""0-100000"""
1015,20,1,60,11664,1,0,1,1,1,119200,"""100001 - 124999"""
1016,60,1,70,8400,1,0,1,1,1,227000,"""22500-250000"""
1017,20,1,73,11883,1,0,1,1,1,203000,"""200000-224999"""
1018,120,1,0,5814,1,0,2,1,1,187500,"""175000-200000"""
1019,80,1,0,10784,1,0,2,1,1,160000,"""150000-175000"""
1020,120,1,43,3013,1,0,1,1,1,213490,"""200000-224999"""
1021,20,1,60,7024,1,0,1,1,1,176000,"""175000-200000"""
1022,20,1,64,7406,1,0,1,1,1,194000,"""175000-200000"""
1023,50,2,52,9439,1,0,1,1,1,87000,"""0-100000"""
1024,120,1,43,3182,1,0,1,1,1,191000,"""175000-200000"""
1025,20,1,0,15498,1,0,2,1,1,287000,"""275000-300000"""
1026,20,1,70,7700,1,0,1,1,1,112500,"""100001 - 124999"""
1027,20,1,73,9300,1,0,1,1,1,167500,"""150000-175000"""
1028,20,1,71,9520,1,0,2,4,1,293077,"""275000-300000"""
1029,50,1,79,9492,1,0,1,1,1,105000,"""100001 - 124999"""
1030,160,2,21,1680,1,0,1,1,1,118000,"""100001 - 124999"""
1031,190,5,0,7082,1,0,1,1,1,160000,"""150000-175000"""
1032,75,1,102,15863,1,0,1,1,1,197000,"""175000-200000"""
1033,60,1,0,14541,1,0,2,1,1,310000,"""300000"""
1034,20,1,0,8125,1,0,1,1,1,230000,"""22500-250000"""
1035,30,1,50,6305,1,0,1,2,1,119750,"""100001 - 124999"""
1036,20,1,0,11500,1,0,2,1,1,84000,"""0-100000"""
1037,20,1,89,12898,1,0,2,4,1,315500,"""300000"""
1038,60,1,0,9240,1,0,1,1,1,287000,"""275000-300000"""
1039,160,2,21,1533,1,0,1,1,1,97000,"""0-100000"""
1040,180,2,21,1477,1,0,1,1,1,80000,"""0-100000"""
1041,20,1,88,13125,1,0,1,1,1,155000,"""150000-175000"""
1042,60,1,0,9130,1,0,1,1,1,173000,"""150000-175000"""
1043,120,1,34,5381,1,0,2,1,1,196000,"""175000-200000"""
1044,60,1,86,11839,1,0,1,1,1,262280,"""250000-275000"""
1045,20,1,80,9600,1,0,1,1,1,278000,"""275000-300000"""
1046,20,1,0,13680,1,0,2,1,1,139600,"""125000-149999"""
1047,60,1,85,16056,1,0,2,1,1,556581,"""300000"""
1048,20,1,57,9245,1,0,3,1,1,145000,"""125000-149999"""
1049,20,1,100,21750,1,0,1,1,1,115000,"""100001 - 124999"""
1050,20,1,60,11100,1,0,1,3,1,84900,"""0-100000"""
1051,20,1,73,8993,1,0,2,1,1,176485,"""175000-200000"""
1052,20,1,103,11175,1,0,2,1,1,200141,"""200000-224999"""
1053,60,1,100,9500,1,0,1,1,1,165000,"""150000-175000"""
1054,20,1,68,8562,1,0,1,1,1,144500,"""125000-149999"""
1055,60,1,90,11367,1,0,1,1,1,255000,"""250000-275000"""
1056,20,1,104,11361,1,0,1,1,1,180000,"""175000-200000"""
1057,120,1,43,7052,1,0,2,1,1,185850,"""175000-200000"""
1058,60,1,0,29959,1,0,3,1,1,248000,"""22500-250000"""
1059,60,1,96,11308,1,0,2,1,1,335000,"""300000"""
1060,50,1,0,11275,1,0,2,4,1,220000,"""200000-224999"""
1061,120,1,41,4920,1,0,1,1,1,213500,"""200000-224999"""
1062,30,3,120,18000,2,0,1,3,1,81000,"""0-100000"""
1063,190,2,85,13600,1,1,1,1,1,90000,"""0-100000"""
1064,30,2,50,6000,1,0,1,1,1,110500,"""100001 - 124999"""
1065,20,1,0,11000,1,0,2,1,1,154000,"""150000-175000"""
1066,60,1,80,14000,1,0,1,1,1,328000,"""300000"""
1067,60,1,59,7837,1,0,2,1,1,178000,"""175000-200000"""
1068,60,1,80,9760,1,0,1,1,1,167900,"""150000-175000"""
1069,160,2,42,3964,1,0,1,1,1,151400,"""150000-175000"""
1070,45,1,60,9600,1,0,1,1,1,135000,"""125000-149999"""
1071,20,1,72,10152,1,0,1,1,1,135000,"""125000-149999"""
1072,60,1,78,11700,1,0,1,1,1,154000,"""150000-175000"""
1073,50,1,50,7585,1,0,1,1,1,91500,"""0-100000"""
1074,60,1,75,7950,1,0,2,2,1,159500,"""150000-175000"""
1075,20,1,74,8556,1,0,1,1,1,194000,"""175000-200000"""
1076,70,1,75,13125,1,0,1,1,1,219500,"""200000-224999"""
1077,50,1,60,10800,1,1,1,1,1,170000,"""150000-175000"""
1078,20,1,0,15870,1,0,2,1,1,138800,"""125000-149999"""
1079,120,2,37,4435,1,0,1,1,1,155900,"""150000-175000"""
1080,20,1,65,8775,1,0,1,1,1,126000,"""125000-149999"""
1081,20,1,80,11040,1,0,1,1,1,145000,"""125000-149999"""
1082,20,1,75,7500,1,0,1,1,1,133000,"""125000-149999"""
1083,20,1,70,8749,1,0,1,1,1,192000,"""175000-200000"""
1084,20,1,80,8800,1,0,1,1,1,160000,"""150000-175000"""
1085,60,1,0,13031,1,0,3,1,1,187500,"""175000-200000"""
1086,85,1,73,9069,1,0,1,1,1,147000,"""125000-149999"""
1087,160,2,0,1974,1,0,1,1,1,83500,"""0-100000"""
1088,60,4,85,10574,1,0,1,1,1,252000,"""250000-275000"""
1089,160,2,24,2522,1,0,1,1,1,137500,"""125000-149999"""
1090,120,4,37,3316,1,2,2,1,1,197000,"""175000-200000"""
1091,90,1,60,8544,1,0,1,1,1,92900,"""0-100000"""
1092,160,4,24,2160,1,2,1,1,1,160000,"""150000-175000"""
1093,50,1,60,8400,1,0,1,2,1,136500,"""125000-149999"""
1094,20,1,71,9230,1,0,1,1,1,146000,"""125000-149999"""
1095,20,1,74,5868,1,0,1,1,1,129000,"""125000-149999"""
1096,20,1,78,9317,1,0,2,1,1,176432,"""175000-200000"""
1097,70,2,60,6882,1,0,1,1,1,127000,"""125000-149999"""
1098,120,1,0,3696,1,0,1,1,1,170000,"""150000-175000"""
1099,50,2,50,6000,1,0,1,1,1,128000,"""125000-149999"""
1100,20,1,82,11880,1,0,2,1,1,157000,"""150000-175000"""
1101,30,1,60,8400,1,0,1,2,1,60000,"""0-100000"""
1102,20,1,61,9758,1,0,2,1,1,119500,"""100001 - 124999"""
1103,20,1,70,7000,1,0,1,1,1,135000,"""125000-149999"""
1104,20,1,79,8910,1,0,1,1,1,159500,"""150000-175000"""
1105,160,2,24,2016,1,0,1,1,1,106000,"""100001 - 124999"""
1106,60,1,98,12256,1,0,2,1,1,325000,"""300000"""
1107,20,1,114,10357,1,0,2,1,1,179900,"""175000-200000"""
1108,60,1,168,23257,1,0,4,4,1,274725,"""250000-275000"""
1109,60,1,0,8063,1,0,1,1,1,181000,"""175000-200000"""
1110,20,1,107,11362,1,0,2,1,1,280000,"""275000-300000"""
1111,60,1,0,8000,1,0,1,1,1,188000,"""175000-200000"""
1112,60,1,80,10480,1,0,1,1,1,205000,"""200000-224999"""
1113,20,1,73,7100,1,0,2,1,1,129900,"""125000-149999"""
1114,20,1,66,8923,1,0,1,1,1,134500,"""125000-149999"""
1115,20,1,90,5400,1,0,1,1,1,117000,"""100001 - 124999"""
1116,20,1,93,12085,1,0,1,1,1,318000,"""300000"""
1117,80,1,0,7750,1,0,1,1,1,184100,"""175000-200000"""
1118,20,1,57,9764,1,0,2,1,1,130000,"""125000-149999"""
1119,80,1,85,13825,1,0,1,1,1,140000,"""125000-149999"""
1120,20,1,70,7560,1,0,1,1,1,133700,"""125000-149999"""
1121,30,2,59,8263,1,0,1,2,1,118400,"""100001 - 124999"""
1122,20,1,84,10084,1,0,1,1,1,212900,"""200000-224999"""
1123,20,1,0,8926,1,0,2,1,1,112000,"""100001 - 124999"""
1124,20,1,50,9405,1,0,1,1,1,118000,"""100001 - 124999"""
1125,80,1,0,9125,1,0,2,1,1,163900,"""150000-175000"""
1126,20,1,60,10434,1,0,1,1,1,115000,"""100001 - 124999"""
1127,120,1,53,3684,1,0,1,1,1,174000,"""150000-175000"""
1128,20,1,182,14572,1,0,4,1,1,259000,"""250000-275000"""
1129,60,1,59,11796,1,0,2,1,1,215000,"""200000-224999"""
1130,90,2,60,7200,1,1,1,1,1,140000,"""125000-149999"""
1131,50,1,65,7804,1,0,1,1,1,135000,"""125000-149999"""
1132,20,1,63,10712,1,0,1,1,1,93500,"""0-100000"""
1133,70,2,90,9900,1,0,1,1,1,117500,"""100001 - 124999"""
1134,60,1,80,9828,1,0,2,1,1,239500,"""22500-250000"""
1135,60,1,57,8773,1,0,2,4,1,169000,"""150000-175000"""
1136,30,2,60,6180,1,0,1,1,1,102000,"""100001 - 124999"""
1137,50,1,80,9600,1,0,1,1,1,119000,"""100001 - 124999"""
1138,50,1,54,6342,1,0,1,1,1,94000,"""0-100000"""
1139,20,1,0,9819,1,0,2,1,1,196000,"""175000-200000"""
1140,30,1,98,8731,1,0,2,1,1,144000,"""125000-149999"""
1141,20,1,60,7350,1,0,1,1,1,139000,"""125000-149999"""
1142,60,1,0,10304,1,0,2,1,1,197500,"""175000-200000"""
1143,60,1,77,9965,1,0,1,1,1,424870,"""300000"""
1144,20,1,0,9000,1,0,1,1,1,80000,"""0-100000"""
1145,190,1,60,12180,1,0,1,1,1,80000,"""0-100000"""
1146,50,2,52,6240,1,0,1,1,1,149000,"""125000-149999"""
1147,20,1,0,11200,1,0,1,1,1,180000,"""175000-200000"""
1148,70,1,75,12000,1,0,1,2,1,174500,"""150000-175000"""
1149,50,2,0,5700,1,0,1,1,1,116900,"""100001 - 124999"""
1150,70,2,50,9000,1,0,1,1,1,143000,"""125000-149999"""
1151,20,1,57,8280,1,0,2,1,1,124000,"""100001 - 124999"""
1152,20,1,134,17755,1,0,1,1,1,149900,"""125000-149999"""
1153,20,1,90,14115,1,0,2,1,1,230000,"""22500-250000"""
1154,30,2,0,5890,1,0,1,1,1,120500,"""100001 - 124999"""
1155,60,1,0,13700,1,0,2,1,1,201800,"""200000-224999"""
1156,20,1,90,10768,1,0,2,1,1,218000,"""200000-224999"""
1157,80,1,85,9350,1,0,1,1,1,179900,"""175000-200000"""
1158,120,1,34,5001,1,0,2,1,1,230000,"""22500-250000"""
1159,20,1,92,11932,1,0,1,1,1,235128,"""22500-250000"""
1160,60,1,76,9120,1,0,1,1,1,185000,"""175000-200000"""
1161,160,1,24,2280,1,0,1,1,1,146000,"""125000-149999"""
1162,20,1,0,14778,1,0,2,3,1,224000,"""200000-224999"""
1163,20,1,109,8724,1,0,1,1,1,129000,"""125000-149999"""
1164,90,1,60,12900,1,0,1,1,1,108959,"""100001 - 124999"""
1165,80,1,0,16157,1,0,2,1,1,194000,"""175000-200000"""
1166,20,1,79,9541,1,0,2,1,1,233170,"""22500-250000"""
1167,20,1,64,10475,1,0,2,1,1,245350,"""22500-250000"""
1168,60,1,58,10852,1,0,2,1,1,173000,"""150000-175000"""
1169,70,1,120,13728,1,0,1,1,1,235000,"""22500-250000"""
1170,60,1,118,35760,1,0,2,1,1,625000,"""300000"""
1171,80,1,76,9880,1,0,1,1,1,171000,"""150000-175000"""
1172,20,1,76,9120,1,0,1,1,1,163000,"""150000-175000"""
1173,160,4,35,4017,1,2,2,1,1,171900,"""150000-175000"""
1174,50,1,138,18030,1,0,2,2,1,200500,"""200000-224999"""
1175,70,1,80,16560,1,0,2,1,1,239000,"""22500-250000"""
1176,50,1,85,10678,1,0,1,1,1,285000,"""275000-300000"""
1177,20,1,37,6951,1,0,2,1,1,119500,"""100001 - 124999"""
1178,50,2,0,3950,1,1,1,2,1,115000,"""100001 - 124999"""
1179,50,1,54,7681,1,0,2,1,1,154900,"""150000-175000"""
1180,20,1,77,8335,1,0,1,1,1,93000,"""0-100000"""
1181,60,1,0,11170,1,0,3,1,1,250000,"""300000"""
1182,120,2,64,5587,1,0,2,4,1,392500,"""300000"""
1183,60,1,160,15623,1,0,2,1,1,745000,"""300000"""
1184,30,1,60,10800,1,1,1,1,1,120000,"""100001 - 124999"""
1185,20,1,50,35133,2,0,1,1,1,186700,"""175000-200000"""
1186,50,1,60,9738,1,0,1,1,1,104900,"""100001 - 124999"""
1187,190,1,107,10615,1,0,2,2,1,95000,"""0-100000"""
1188,20,1,89,12461,1,0,1,1,1,262000,"""250000-275000"""
1189,60,1,68,8935,1,0,2,1,1,195000,"""175000-200000"""
1190,60,1,60,7500,1,0,1,1,1,189000,"""175000-200000"""
1191,190,1,0,32463,1,0,1,3,1,168000,"""150000-175000"""
1192,160,4,24,2645,1,2,1,1,1,174000,"""150000-175000"""
1193,50,2,60,9600,1,1,1,1,1,125000,"""125000-149999"""
1194,120,2,0,4500,1,0,1,1,1,165000,"""150000-175000"""
1195,60,1,80,9364,1,0,1,1,1,158000,"""150000-175000"""
1196,60,1,51,8029,1,0,2,1,1,176000,"""175000-200000"""
1197,60,1,58,14054,1,0,2,1,1,219210,"""200000-224999"""
1198,75,2,65,8850,1,0,2,2,1,144000,"""125000-149999"""
1199,20,1,70,9100,1,0,1,1,1,178000,"""175000-200000"""
1200,20,1,75,11235,1,0,1,1,1,148000,"""125000-149999"""
1201,20,1,71,9353,1,0,1,1,1,116050,"""100001 - 124999"""
1202,60,1,80,10400,1,0,1,1,1,197900,"""175000-200000"""
1203,50,2,50,6000,1,0,1,1,1,117000,"""100001 - 124999"""
1204,20,1,75,9750,1,0,1,1,1,213000,"""200000-224999"""
1205,20,1,78,10140,1,0,1,1,1,153500,"""150000-175000"""
1206,20,1,90,14684,1,0,2,1,1,271900,"""250000-275000"""
1207,20,5,0,8900,1,0,1,1,1,107000,"""100001 - 124999"""
1208,20,1,70,9135,1,0,1,1,1,200000,"""200000-224999"""
1209,20,1,70,7763,1,0,1,1,1,140000,"""125000-149999"""
1210,20,1,85,10182,1,0,2,1,1,290000,"""275000-300000"""
1211,60,1,70,11218,1,0,1,1,1,189000,"""175000-200000"""
1212,50,1,152,12134,1,0,2,2,1,164000,"""150000-175000"""
1213,30,1,50,9340,1,0,1,1,1,113000,"""100001 - 124999"""
1214,80,1,0,10246,1,0,2,1,1,145000,"""125000-149999"""
1215,85,1,69,10205,1,0,2,1,1,134500,"""125000-149999"""
1216,20,1,99,7094,1,0,2,1,1,125000,"""125000-149999"""
1217,90,2,68,8930,1,0,1,1,1,112000,"""100001 - 124999"""
1218,20,4,72,8640,1,0,1,1,1,229456,"""22500-250000"""
1219,50,2,52,6240,1,0,1,1,1,80500,"""0-100000"""
1220,160,2,21,1680,1,0,1,1,1,91500,"""0-100000"""
1221,20,1,66,7800,1,0,2,1,1,115000,"""100001 - 124999"""
1222,20,1,55,8250,1,0,1,1,1,134000,"""125000-149999"""
1223,50,1,78,10496,1,0,1,1,1,143000,"""125000-149999"""
1224,20,1,89,10680,1,0,1,1,1,137900,"""125000-149999"""
1225,60,1,60,15384,1,0,2,1,1,184000,"""175000-200000"""
1226,80,1,65,10482,1,0,1,1,1,145000,"""125000-149999"""
1227,60,1,86,14598,1,0,2,1,1,214000,"""200000-224999"""
1228,20,1,72,8872,1,0,1,1,1,147000,"""125000-149999"""
1229,120,1,65,8769,1,0,1,1,1,367294,"""300000"""
1230,80,1,70,7910,1,0,1,1,1,127000,"""125000-149999"""
1231,90,1,0,18890,1,0,2,1,1,190000,"""175000-200000"""
1232,90,1,70,7728,1,0,1,1,1,132500,"""125000-149999"""
1233,90,1,70,9842,1,0,1,1,1,101800,"""100001 - 124999"""
1234,20,1,0,12160,1,0,2,1,1,142000,"""125000-149999"""
1235,70,5,55,8525,1,0,1,2,1,130000,"""125000-149999"""
1236,70,1,96,13132,1,0,1,1,1,138887,"""125000-149999"""
1237,160,1,36,2628,1,0,1,1,1,175500,"""175000-200000"""
1238,60,1,41,12393,1,0,3,1,1,195000,"""175000-200000"""
1239,20,1,63,13072,1,0,1,1,1,142500,"""125000-149999"""
1240,20,1,64,9037,1,0,2,4,1,265900,"""250000-275000"""
1241,60,1,65,8158,1,0,1,1,1,224900,"""200000-224999"""
1242,20,1,83,9849,1,0,1,1,1,248328,"""22500-250000"""
1243,85,1,85,10625,1,0,1,1,1,170000,"""150000-175000"""
1244,20,1,107,13891,1,0,1,1,1,465000,"""300000"""
1245,70,1,0,11435,1,0,2,4,1,230000,"""22500-250000"""
1246,80,1,78,12090,1,0,1,1,1,178000,"""175000-200000"""
1247,60,4,65,8125,1,0,1,1,1,186500,"""175000-200000"""
1248,80,1,0,12328,1,0,2,1,1,169900,"""150000-175000"""
1249,75,2,60,9600,1,1,1,1,1,129500,"""125000-149999"""
1250,20,1,60,7200,1,0,1,1,1,119000,"""100001 - 124999"""
1251,20,1,93,11160,1,0,1,1,1,244000,"""22500-250000"""
1252,120,1,0,3136,1,0,2,1,1,171750,"""150000-175000"""
1253,20,1,62,9858,1,0,1,1,1,130000,"""125000-149999"""
1254,60,1,0,17542,1,0,2,1,1,294000,"""275000-300000"""
1255,60,1,60,6931,1,0,1,1,1,165400,"""150000-175000"""
1256,50,2,52,6240,1,0,1,1,1,127500,"""125000-149999"""
1257,20,1,91,14303,1,0,2,1,1,301500,"""300000"""
1258,30,1,56,4060,1,0,1,1,1,99900,"""0-100000"""
1259,80,1,59,9587,1,0,2,1,1,190000,"""175000-200000"""
1260,20,1,65,9750,1,0,1,1,1,151000,"""150000-175000"""
1261,60,1,0,24682,1,0,4,1,1,181000,"""175000-200000"""
1262,20,1,80,9600,1,0,1,1,1,128900,"""125000-149999"""
1263,50,1,0,11250,1,0,1,1,1,161500,"""150000-175000"""
1264,70,1,60,13515,1,2,1,1,1,180500,"""175000-200000"""
1265,120,5,34,4060,1,0,1,1,1,181000,"""175000-200000"""
1266,160,4,35,3735,1,0,1,1,1,183900,"""175000-200000"""
1267,190,2,60,10120,1,0,2,2,1,122000,"""100001 - 124999"""
1268,20,1,89,13214,1,0,2,4,1,378500,"""300000"""
1269,50,1,0,14100,1,0,2,1,1,381000,"""300000"""
1270,50,1,78,11344,1,0,1,1,1,144000,"""125000-149999"""
1271,40,1,0,23595,1,0,1,3,1,260000,"""250000-275000"""
1272,20,1,0,9156,1,0,2,1,1,185750,"""175000-200000"""
1273,20,1,0,13526,1,0,2,1,1,137000,"""125000-149999"""
1274,80,1,124,11512,1,0,2,1,1,177000,"""175000-200000"""
1275,50,1,53,5362,1,0,1,1,1,139000,"""125000-149999"""
1276,90,1,95,11345,1,0,1,1,1,137000,"""125000-149999"""
1277,60,1,0,12936,1,0,2,1,1,162000,"""150000-175000"""
1278,80,1,0,17871,1,0,2,1,1,197900,"""175000-200000"""
1279,60,1,75,9473,1,0,1,1,1,237000,"""22500-250000"""
1280,50,3,60,7500,1,0,1,1,1,68400,"""0-100000"""
1281,20,1,67,9808,1,0,2,1,1,227000,"""22500-250000"""
1282,20,1,50,8049,1,0,2,1,1,180000,"""175000-200000"""
1283,20,1,61,8800,1,0,2,1,1,150500,"""150000-175000"""
1284,90,1,94,9400,1,0,1,3,1,139000,"""125000-149999"""
1285,50,1,50,9638,1,0,1,1,1,169000,"""150000-175000"""
1286,50,2,50,6000,1,0,1,1,1,132500,"""125000-149999"""
1287,20,1,0,9790,1,0,1,1,1,143000,"""125000-149999"""
1288,20,1,0,36500,1,0,2,3,1,190000,"""175000-200000"""
1289,120,1,40,5664,1,0,2,1,1,278000,"""275000-300000"""
1290,60,1,86,11065,1,0,2,1,1,281000,"""275000-300000"""
1291,80,1,0,14112,1,0,2,1,1,180500,"""175000-200000"""
1292,160,2,21,1680,1,0,1,1,1,119500,"""100001 - 124999"""
1293,70,2,60,6600,1,0,1,1,1,107500,"""100001 - 124999"""
1294,60,1,78,10140,1,0,1,1,1,162900,"""150000-175000"""
1295,20,1,60,8172,1,0,1,1,1,115000,"""100001 - 124999"""
1296,20,1,70,8400,1,0,1,1,1,138500,"""125000-149999"""
1297,20,1,80,8700,1,0,1,1,1,155000,"""150000-175000"""
1298,180,2,35,3675,1,0,1,1,1,140000,"""125000-149999"""
1299,60,1,313,63887,1,0,4,2,1,160000,"""150000-175000"""
1300,20,1,75,7500,1,0,1,1,1,154000,"""150000-175000"""
1301,60,1,0,10762,1,0,2,1,1,225000,"""300000"""
1302,70,1,0,7500,1,0,2,2,1,177500,"""175000-200000"""
1303,60,1,92,10120,1,0,1,1,1,290000,"""275000-300000"""
1304,20,1,73,8688,1,0,1,1,1,232000,"""22500-250000"""
1305,160,2,32,3363,1,0,1,1,1,130000,"""125000-149999"""
1306,20,1,108,13173,1,0,2,1,1,325000,"""300000"""
1307,120,1,48,6955,1,0,2,1,1,202500,"""200000-224999"""
1308,20,1,60,8072,1,0,1,1,1,138000,"""125000-149999"""
1309,20,2,100,12000,1,0,1,1,1,147000,"""125000-149999"""
1310,20,1,0,7153,1,0,1,1,1,179200,"""175000-200000"""
1311,20,1,100,17500,1,0,1,1,1,335000,"""300000"""
1312,20,1,68,8814,1,0,1,1,1,203000,"""200000-224999"""
1313,60,1,0,9572,1,0,2,1,1,302000,"""300000"""
1314,60,1,108,14774,1,0,2,1,1,333168,"""300000"""
1315,20,1,60,8190,1,0,1,1,1,119000,"""100001 - 124999"""
1316,60,1,85,11075,1,0,1,1,1,206900,"""200000-224999"""
1317,20,1,61,10226,1,0,2,1,1,295493,"""275000-300000"""
1318,120,4,47,4230,1,2,1,1,1,208900,"""200000-224999"""
1319,20,1,0,14781,1,0,3,1,1,275000,"""300000"""
1320,20,1,75,10215,1,0,1,2,1,111000,"""100001 - 124999"""
1321,20,1,70,8400,1,0,1,1,1,156500,"""150000-175000"""
1322,20,1,0,6627,1,0,2,1,1,72500,"""0-100000"""
1323,60,1,107,10186,1,0,2,1,1,190000,"""175000-200000"""
1324,30,1,50,5330,1,0,1,4,1,82500,"""0-100000"""
1325,20,1,75,9986,1,0,1,1,1,147000,"""125000-149999"""
1326,30,2,40,3636,1,0,1,1,1,55000,"""0-100000"""
1327,30,5,70,4270,1,0,1,2,1,79000,"""0-100000"""
1328,20,1,60,6600,1,0,1,1,1,130500,"""125000-149999"""
1329,50,2,60,10440,1,1,1,1,1,256000,"""250000-275000"""
1330,60,1,63,9084,1,0,2,1,1,176500,"""175000-200000"""
1331,20,1,85,10000,1,0,1,1,1,227000,"""22500-250000"""
1332,80,1,55,10780,1,0,2,1,1,132500,"""125000-149999"""
1333,20,1,67,8877,1,0,1,1,1,100000,"""300000"""
1334,50,2,60,7200,1,0,1,1,1,125500,"""125000-149999"""
1335,160,2,24,2368,1,0,1,1,1,125000,"""125000-149999"""
1336,20,1,80,9650,1,0,1,1,1,167900,"""150000-175000"""
1337,90,1,87,9246,1,0,2,1,1,135000,"""125000-149999"""
1338,30,2,153,4118,1,1,2,2,1,52500,"""0-100000"""
1339,60,1,95,13450,1,0,2,1,1,200000,"""200000-224999"""
1340,20,1,120,9560,1,0,2,1,1,128500,"""125000-149999"""
1341,20,1,70,8294,1,0,1,1,1,123000,"""100001 - 124999"""
1342,20,1,66,13695,1,0,1,1,1,155000,"""150000-175000"""
1343,60,1,0,9375,1,0,1,1,1,228500,"""22500-250000"""
1344,50,1,57,7558,1,0,1,2,1,177000,"""175000-200000"""
1345,60,1,85,11103,1,0,2,1,1,155835,"""150000-175000"""
1346,30,2,50,6000,1,0,1,1,1,108500,"""100001 - 124999"""
1347,20,1,0,20781,1,0,3,1,1,262500,"""250000-275000"""
1348,20,1,93,15306,1,0,2,4,1,283463,"""275000-300000"""
1349,20,1,0,16196,1,0,4,3,1,215000,"""200000-224999"""
1350,70,2,50,5250,1,2,1,1,1,122000,"""100001 - 124999"""
1351,90,1,91,11643,1,0,1,1,1,200000,"""200000-224999"""
1352,60,1,70,9247,1,0,2,1,1,171000,"""150000-175000"""
1353,50,2,50,6000,1,0,1,1,1,134900,"""125000-149999"""
1354,50,1,56,14720,1,0,2,1,1,410000,"""300000"""
1355,60,1,0,10316,1,0,2,1,1,235000,"""22500-250000"""
1356,80,1,102,10192,1,0,2,1,1,170000,"""150000-175000"""
1357,20,1,0,9477,1,0,1,1,1,110000,"""100001 - 124999"""
1358,20,1,0,12537,1,0,2,1,1,149900,"""125000-149999"""
1359,160,4,0,2117,1,0,1,1,1,177500,"""175000-200000"""
1360,20,1,129,16737,1,0,1,1,1,315000,"""300000"""
1361,70,1,51,9842,1,0,1,1,1,189000,"""175000-200000"""
1362,20,1,124,16158,1,0,2,3,1,260000,"""250000-275000"""
1363,50,1,0,12513,1,0,2,1,1,104900,"""100001 - 124999"""
1364,60,1,73,8499,1,0,2,1,1,156932,"""150000-175000"""
1365,160,4,30,3180,1,2,1,1,1,144152,"""125000-149999"""
1366,60,4,0,7500,1,0,1,1,1,216000,"""200000-224999"""
1367,60,1,68,9179,1,0,2,1,1,193000,"""175000-200000"""
1368,160,2,41,2665,1,0,1,1,1,127000,"""125000-149999"""
1369,120,2,0,4435,1,0,1,1,1,144000,"""125000-149999"""
1370,20,1,48,10635,1,0,3,1,1,232000,"""22500-250000"""
1371,50,1,90,5400,1,0,1,1,1,105000,"""100001 - 124999"""
1372,80,1,80,9600,1,0,1,1,1,165500,"""150000-175000"""
1373,60,1,75,9750,1,0,1,1,1,274300,"""250000-275000"""
1374,20,1,0,11400,1,0,1,1,1,466500,"""300000"""
1375,60,4,85,10625,1,0,1,1,1,250000,"""300000"""
1376,20,1,89,10991,1,0,2,4,1,239000,"""22500-250000"""
1377,30,1,52,6292,1,0,1,2,1,91000,"""0-100000"""
1378,50,1,60,10998,1,1,1,1,1,117000,"""100001 - 124999"""
1379,160,2,21,1953,1,0,1,1,1,83000,"""0-100000"""
1380,80,1,73,9735,1,0,1,1,1,167500,"""150000-175000"""
1381,30,1,45,8212,1,1,1,1,1,58500,"""0-100000"""
1382,20,1,0,12925,1,0,2,1,1,237500,"""22500-250000"""
1383,70,2,60,7200,1,0,1,1,1,157000,"""150000-175000"""
1384,30,1,0,25339,1,0,1,1,1,112000,"""100001 - 124999"""
1385,50,1,60,9060,1,0,1,1,1,105000,"""100001 - 124999"""
1386,50,2,40,5436,1,0,1,1,1,125500,"""125000-149999"""
1387,60,1,80,16692,1,0,2,1,1,250000,"""300000"""
1388,50,2,60,8520,1,1,1,1,1,136000,"""125000-149999"""
1389,20,1,42,14892,1,0,2,4,1,377500,"""300000"""
1390,50,2,60,6000,1,0,1,1,1,131000,"""125000-149999"""
1391,20,1,70,9100,1,0,1,1,1,235000,"""22500-250000"""
1392,90,1,65,8944,1,0,1,1,1,124000,"""100001 - 124999"""
1393,85,1,68,7838,1,0,1,1,1,123000,"""100001 - 124999"""
1394,190,2,60,10800,1,2,1,1,1,163000,"""150000-175000"""
1395,120,1,53,4045,1,0,1,1,1,246578,"""22500-250000"""
1396,60,1,88,12665,1,0,2,1,1,281213,"""275000-300000"""
1397,20,1,0,57200,1,0,2,2,1,160000,"""150000-175000"""
1398,70,2,51,6120,1,0,1,1,1,137500,"""125000-149999"""
1399,50,1,60,7200,1,0,1,1,1,138000,"""125000-149999"""
1400,50,1,51,6171,1,0,1,1,1,137450,"""125000-149999"""
1401,50,2,50,6000,1,0,1,1,1,120000,"""100001 - 124999"""
1402,60,1,62,7415,1,0,2,1,1,193000,"""175000-200000"""
1403,20,1,64,6762,1,0,1,1,1,193879,"""175000-200000"""
1404,20,1,49,15256,1,0,2,1,1,282922,"""275000-300000"""
1405,50,1,60,10410,1,1,1,1,1,105000,"""100001 - 124999"""
1406,120,2,44,3842,1,0,2,4,1,275000,"""300000"""
1407,85,1,70,8445,1,0,1,1,1,133000,"""125000-149999"""
1408,20,1,0,8780,1,0,2,1,1,112000,"""100001 - 124999"""
1409,70,2,60,7740,1,0,1,1,1,125500,"""125000-149999"""
1410,60,1,46,20544,1,0,2,1,1,215000,"""200000-224999"""
1411,60,1,79,12420,1,0,1,1,1,230000,"""22500-250000"""
1412,50,1,80,9600,1,0,1,1,1,140000,"""125000-149999"""
1413,90,1,60,7200,1,0,1,1,1,90000,"""0-100000"""
1414,20,1,88,10994,1,0,2,1,1,257000,"""250000-275000"""
1415,50,1,64,13053,1,2,1,2,1,207000,"""200000-224999"""
1416,120,1,51,3635,1,0,1,1,1,175900,"""175000-200000"""
1417,190,2,60,11340,1,0,1,1,1,122500,"""100001 - 124999"""
1418,60,1,0,16545,1,0,2,1,1,340000,"""300000"""
1419,20,1,71,9204,1,0,1,1,1,124000,"""100001 - 124999"""
1420,20,1,0,16381,1,0,2,1,1,223000,"""200000-224999"""
1421,60,1,90,11700,1,0,1,1,1,179900,"""175000-200000"""
1422,120,1,53,4043,1,0,1,1,1,127500,"""125000-149999"""
1423,120,2,37,4435,1,0,1,1,1,136500,"""125000-149999"""
1424,80,1,0,19690,1,0,2,1,1,274970,"""250000-275000"""
1425,20,1,0,9503,1,0,1,1,1,144000,"""125000-149999"""
1426,20,1,80,10721,1,0,2,1,1,142000,"""125000-149999"""
1427,60,1,81,10944,1,0,2,1,1,271000,"""250000-275000"""
1428,50,1,60,10930,1,1,1,2,1,140000,"""125000-149999"""
1429,30,2,60,7200,1,0,1,1,1,119000,"""100001 - 124999"""
1430,20,1,0,12546,1,0,2,1,1,182900,"""175000-200000"""
1431,60,1,60,21930,1,0,4,1,1,192140,"""175000-200000"""
1432,120,1,0,4928,1,0,2,1,1,143750,"""125000-149999"""
1433,30,1,60,10800,1,1,1,1,1,64500,"""0-100000"""
1434,60,1,93,10261,1,0,2,1,1,186500,"""175000-200000"""
1435,20,1,80,17400,1,0,1,3,1,160000,"""150000-175000"""
1436,20,1,80,8400,1,0,1,1,1,174000,"""150000-175000"""
1437,20,1,60,9000,1,0,1,1,1,120500,"""100001 - 124999"""
1438,20,1,96,12444,1,0,1,1,1,394617,"""300000"""
1439,20,2,90,7407,1,0,1,1,1,149700,"""125000-149999"""
1440,60,1,80,11584,1,0,1,1,1,197000,"""175000-200000"""
1441,70,1,79,11526,1,0,2,2,1,191000,"""175000-200000"""
1442,120,2,0,4426,1,0,1,1,1,149300,"""125000-149999"""
1443,60,4,85,11003,1,0,1,1,1,310000,"""300000"""
1444,30,1,0,8854,1,0,1,1,1,121000,"""100001 - 124999"""
1445,20,1,63,8500,1,0,1,1,1,179600,"""175000-200000"""
1446,85,1,70,8400,1,0,1,1,1,129000,"""125000-149999"""
1447,20,1,0,26142,1,0,2,1,1,157900,"""150000-175000"""
1448,60,1,80,10000,1,0,1,1,1,240000,"""22500-250000"""
1449,50,1,70,11767,1,0,1,1,1,112000,"""100001 - 124999"""
1450,180,2,21,1533,1,0,1,1,1,92000,"""0-100000"""
1451,90,1,60,9000,1,0,1,1,1,136000,"""125000-149999"""
1452,20,1,78,9262,1,0,1,1,1,287090,"""275000-300000"""
1453,180,2,35,3675,1,0,1,1,1,145000,"""125000-149999"""
1454,20,1,90,17217,1,0,1,1,1,84500,"""0-100000"""
1455,20,4,62,7500,1,2,1,1,1,185000,"""175000-200000"""
1456,60,1,62,7917,1,0,1,1,1,175000,"""300000"""
1457,20,1,85,13175,1,0,1,1,1,210000,"""200000-224999"""
1458,70,1,66,9042,1,0,1,1,1,266500,"""250000-275000"""
1459,20,1,68,9717,1,0,1,1,1,142125,"""125000-149999"""
1460,20,1,75,9937,1,0,1,1,1,147500,"""125000-149999"""
