1,60,1,65,8450,1,0,1,1,1,208500,7,5,2003,8,"""200000-224999"""
2,20,1,80,9600,1,0,1,1,1,181500,6,8,1976,6,"""175000-200000"""
3,60,1,68,11250,1,0,2,1,1,223500,7,5,2001,6,"""200000-224999"""
4,70,1,60,9550,1,0,2,1,1,140000,7,5,1915,7,"""125000-149999"""
5,60,1,84,14260,1,0,2,1,1,250000,8,5,2000,9,"""300000"""
6,50,1,85,14115,1,0,2,1,1,143000,5,5,1993,5,"""125000-149999"""
7,20,1,75,10084,1,0,1,1,1,307000,8,5,2004,7,"""300000"""
8,60,1,0,10382,1,0,2,1,1,200000,7,6,1973,7,"""200000-224999"""
9,50,2,51,6120,1,0,1,1,1,129900,7,5,1931,8,"""125000-149999"""
10,190,1,50,7420,1,0,1,1,1,118000,5,6,1939,5,"""100001 - 124999"""
11,20,1,70,11200,1,0,1,1,1,129500,5,5,1965,5,"""125000-149999"""
12,60,1,85,11924,1,0,2,1,1,345000,9,5,2005,11,"""300000"""
13,20,1,0,12968,1,0,3,1,1,144000,5,6,1962,4,"""125000-149999"""
14,20,1,91,10652,1,0,2,1,1,279500,7,5,2006,7,"""275000-300000"""
15,20,1,0,10920,1,0,2,1,1,157000,6,5,1960,5,"""150000-175000"""
16,45,2,51,6120,1,0,1,1,1,132000,7,8,1929,5,"""125000-149999"""
17,20,1,0,11241,1,0,2,1,1,149000,6,7,1970,5,"""125000-149999"""
18,90,1,72,10791,1,0,1,1,1,90000,4,5,1967,6,"""0-100000"""
19,20,1,66,13695,1,0,1,1,1,159000,5,5,2004,6,"""150000-175000"""
20,20,1,70,7560,1,0,1,1,1,139000,5,6,1958,6,"""125000-149999"""
21,60,1,101,14215,1,0,2,1,1,325300,8,5,2005,9,"""300000"""
22,45,2,57,7449,1,1,1,2,1,139400,7,7,1930,6,"""125000-149999"""
23,20,1,75,9742,1,0,1,1,1,230000,8,5,2002,7,"""22500-250000"""
24,120,2,44,4224,1,0,1,1,1,129900,5,7,1976,6,"""125000-149999"""
25,20,1,0,8246,1,0,2,1,1,154000,5,8,1968,6,"""150000-175000"""
26,20,1,110,14230,1,0,1,1,1,256300,8,5,2007,7,"""250000-275000"""
27,20,1,60,7200,1,0,1,1,1,134800,5,7,1951,5,"""125000-149999"""
28,20,1,98,11478,1,0,1,1,1,306000,8,5,2007,7,"""300000"""
29,20,1,47,16321,1,0,2,1,1,207500,5,6,1957,6,"""200000-224999"""
30,30,2,60,6324,1,0,2,1,1,68500,4,6,1927,4,"""0-100000"""
31,70,3,50,8500,1,2,1,1,1,40000,4,4,1920,6,"""0-100000"""
32,20,1,0,8544,1,0,2,1,1,149350,5,6,1966,6,"""125000-149999"""
33,20,1,85,11049,1,0,1,1,1,179900,8,5,2007,7,"""175000-200000"""
34,20,1,70,10552,1,0,2,1,1,165500,5,5,1959,6,"""150000-175000"""
35,120,1,60,7313,1,0,1,1,1,277500,9,5,2005,6,"""275000-300000"""
36,60,1,108,13418,1,0,1,1,1,309000,8,5,2004,9,"""300000"""
37,20,1,112,10859,1,0,1,1,1,145000,5,5,1994,6,"""125000-149999"""
38,20,1,74,8532,1,0,1,1,1,153000,5,6,1954,5,"""150000-175000"""
39,20,1,68,7922,1,0,1,1,1,109000,5,7,1953,5,"""100001 - 124999"""
40,90,1,65,6040,1,0,1,1,1,82000,4,5,1955,6,"""0-100000"""
41,20,1,84,8658,1,0,1,1,1,160000,6,5,1965,6,"""150000-175000"""
42,20,1,115,16905,1,0,1,1,1,170000,5,6,1959,5,"""150000-175000"""
43,85,1,0,9180,1,0,2,1,1,144000,5,7,1983,5,"""125000-149999"""
44,20,1,0,9200,1,0,2,1,1,130250,5,6,1975,5,"""125000-149999"""
45,20,1,70,7945,1,0,1,1,1,141000,5,6,1959,6,"""125000-149999"""
46,120,1,61,7658,1,0,1,1,1,319900,9,5,2005,6,"""300000"""
47,50,1,48,12822,1,0,2,1,1,239686,7,5,2003,6,"""22500-250000"""
48,20,4,84,11096,1,0,1,1,1,249700,8,5,2006,7,"""22500-250000"""
49,190,2,33,4456,1,0,1,1,1,113000,4,5,1920,8,"""100001 - 124999"""
50,20,1,66,7742,1,0,1,1,1,127000,5,7,1966,6,"""125000-149999"""
51,60,1,0,13869,1,0,3,1,1,177000,6,6,1997,6,"""175000-200000"""
52,50,2,52,6240,1,0,1,1,1,114500,6,6,1934,6,"""100001 - 124999"""
53,90,2,110,8472,2,0,3,2,1,110000,5,5,1963,5,"""100001 - 124999"""
54,20,1,68,50271,1,0,2,3,1,385000,9,5,1981,5,"""300000"""
55,80,1,60,7134,1,0,1,2,1,130000,5,5,1955,6,"""125000-149999"""
56,20,1,100,10175,1,0,2,1,1,180500,6,5,1964,7,"""175000-200000"""
57,160,4,24,2645,1,2,1,1,1,172500,8,5,1999,7,"""150000-175000"""
58,60,1,89,11645,1,0,2,1,1,196500,7,5,2004,7,"""175000-200000"""
59,60,1,66,13682,1,0,3,4,1,438780,10,5,2006,10,"""300000"""
60,20,1,60,7200,1,0,1,2,1,124900,5,7,1972,4,"""100001 - 124999"""
61,20,1,63,13072,1,0,1,1,1,158000,6,5,2004,5,"""150000-175000"""
62,75,2,60,7200,1,0,1,1,1,101000,5,7,1920,6,"""100001 - 124999"""
63,120,1,44,6442,1,0,2,1,1,202500,8,5,2006,6,"""200000-224999"""
64,70,2,50,10300,1,0,2,2,1,140000,7,6,1921,9,"""125000-149999"""
65,60,1,0,9375,1,0,1,1,1,219500,7,5,1997,8,"""200000-224999"""
66,60,1,76,9591,1,0,1,1,1,317000,8,5,2004,9,"""300000"""
67,20,1,0,19900,1,0,1,1,1,180000,7,5,1970,7,"""175000-200000"""
68,20,1,72,10665,1,0,2,1,1,226000,7,5,2003,7,"""22500-250000"""
69,30,2,47,4608,1,0,1,1,1,80000,4,6,1945,4,"""0-100000"""
70,50,1,81,15593,1,0,1,1,1,225000,7,4,1953,7,"""300000"""
71,20,1,95,13651,1,0,2,1,1,244000,7,6,1973,8,"""22500-250000"""
72,20,1,69,7599,1,0,1,1,1,129500,4,6,1982,4,"""125000-149999"""
73,60,1,74,10141,1,0,2,1,1,185000,7,5,1998,7,"""175000-200000"""
74,20,1,85,10200,1,0,1,1,1,144900,5,7,1954,6,"""125000-149999"""
75,50,2,60,5790,1,0,1,1,1,107400,3,6,1915,8,"""100001 - 124999"""
76,180,2,21,1596,1,0,1,1,1,91000,4,5,1973,5,"""0-100000"""
77,20,1,0,8475,1,0,2,1,1,135750,4,7,1956,4,"""125000-149999"""
78,50,2,50,8635,1,0,1,1,1,127000,5,5,1948,6,"""125000-149999"""
79,90,1,72,10778,1,0,1,1,1,136500,4,5,1968,8,"""125000-149999"""
80,50,2,60,10440,1,1,1,1,1,110000,5,6,1910,5,"""100001 - 124999"""
81,60,1,100,13000,1,0,1,1,1,193500,6,6,1968,8,"""175000-200000"""
82,120,2,32,4500,1,0,1,1,1,153500,6,5,1998,5,"""150000-175000"""
83,20,1,78,10206,1,0,1,1,1,245000,8,5,2007,6,"""22500-250000"""
84,20,1,80,8892,1,0,2,1,1,126500,5,5,1960,6,"""125000-149999"""
85,80,1,0,8530,1,0,2,1,1,168500,7,5,1995,7,"""150000-175000"""
86,60,1,121,16059,1,0,1,1,1,260000,8,5,1991,9,"""250000-275000"""
87,60,1,122,11911,1,0,3,1,1,174000,6,5,2005,6,"""150000-175000"""
88,160,4,40,3951,1,2,1,1,1,164500,6,5,2009,4,"""150000-175000"""
89,50,3,105,8470,1,0,2,1,1,85000,3,2,1915,6,"""0-100000"""
90,20,1,60,8070,1,0,1,1,1,123600,4,5,1994,5,"""100001 - 124999"""
91,20,1,60,7200,1,0,1,1,1,109900,4,5,1950,4,"""100001 - 124999"""
92,20,1,85,8500,1,0,1,1,1,98600,5,3,1961,6,"""0-100000"""
93,30,1,80,13360,1,1,2,4,1,163500,5,7,1921,5,"""150000-175000"""
94,190,3,60,7200,1,0,1,1,1,133900,6,6,1910,9,"""125000-149999"""
95,60,1,69,9337,1,0,2,1,1,204750,6,5,1997,7,"""200000-224999"""
96,60,1,0,9765,1,0,3,1,1,185000,6,8,1993,6,"""175000-200000"""
97,20,1,78,10264,1,0,2,1,1,214000,7,5,1999,6,"""200000-224999"""
98,20,1,73,10921,1,0,1,4,1,94750,4,5,1965,6,"""0-100000"""
99,30,1,85,10625,1,0,1,1,1,83000,5,5,1920,5,"""0-100000"""
100,20,1,77,9320,1,0,2,1,1,128950,4,5,1959,6,"""125000-149999"""
101,20,1,0,10603,1,0,2,1,1,205000,6,7,1977,6,"""200000-224999"""
102,60,1,77,9206,1,0,1,1,1,178000,6,5,1985,7,"""175000-200000"""
103,90,1,64,7018,1,0,1,2,1,118964,5,5,1979,8,"""100001 - 124999"""
104,20,1,94,10402,1,0,2,1,1,198900,7,5,2009,6,"""175000-200000"""
105,50,2,0,7758,1,0,1,1,1,169500,7,4,1931,7,"""150000-175000"""
106,60,4,75,9375,1,0,1,1,1,250000,8,5,2003,9,"""300000"""
107,30,2,60,10800,1,1,1,1,1,100000,4,7,1885,6,"""300000"""
108,20,2,50,6000,1,0,1,1,1,115000,5,5,1948,5,"""100001 - 124999"""
109,50,2,85,8500,1,0,1,1,1,115000,5,7,1919,7,"""100001 - 124999"""
110,20,1,105,11751,1,0,2,1,1,190000,6,6,1977,7,"""175000-200000"""
111,50,1,75,9525,1,0,1,1,1,136900,6,4,1954,7,"""125000-149999"""
112,80,1,0,7750,1,0,2,1,1,180000,7,5,2000,7,"""175000-200000"""
113,60,1,77,9965,1,0,1,1,1,383970,7,5,2007,10,"""300000"""
114,20,1,0,21000,1,0,1,2,1,217000,6,5,1953,7,"""200000-224999"""
115,70,1,61,7259,1,0,2,1,1,259500,6,8,1945,9,"""250000-275000"""
116,160,4,34,3230,1,2,1,1,1,176000,6,5,1999,5,"""175000-200000"""
117,20,1,0,11616,1,0,1,1,1,139000,5,5,1962,6,"""125000-149999"""
118,20,1,74,8536,1,0,1,1,1,155000,5,5,2006,5,"""150000-175000"""
119,60,1,90,12376,1,0,1,1,1,320000,7,5,1990,11,"""300000"""
120,60,1,65,8461,1,0,1,1,1,163990,6,5,2005,8,"""150000-175000"""
121,80,1,0,21453,1,0,2,3,1,180000,6,5,1969,4,"""175000-200000"""
122,50,2,50,6060,1,0,1,1,1,100000,4,5,1939,4,"""300000"""
123,20,1,75,9464,1,0,1,1,1,136000,6,7,1958,5,"""125000-149999"""
124,120,1,55,7892,1,0,1,1,1,153900,6,5,1993,5,"""150000-175000"""
125,20,1,48,17043,1,0,2,1,1,181000,6,5,1979,7,"""175000-200000"""
126,190,2,60,6780,1,0,1,1,1,84500,6,8,1935,5,"""0-100000"""
127,120,1,0,4928,1,0,2,1,1,128000,6,5,1976,5,"""125000-149999"""
128,45,2,55,4388,1,0,2,2,1,87000,5,7,1930,5,"""0-100000"""
129,60,1,69,7590,1,0,1,1,1,155000,6,5,1966,6,"""150000-175000"""
130,20,1,69,8973,1,0,1,1,1,150000,5,7,1958,6,"""300000"""
131,60,1,88,14200,1,0,1,1,1,226000,7,6,1966,8,"""22500-250000"""
132,60,1,0,12224,1,0,2,1,1,244000,6,5,2000,7,"""22500-250000"""
133,20,1,75,7388,1,0,1,1,1,150750,5,6,1959,7,"""150000-175000"""
134,20,1,0,6853,1,0,2,1,1,220000,8,5,2001,6,"""200000-224999"""
135,20,1,78,10335,1,0,2,1,1,180000,5,6,1968,7,"""175000-200000"""
136,20,1,80,10400,1,0,1,1,1,174000,7,6,1970,7,"""150000-175000"""
137,20,1,0,10355,1,0,2,1,1,143000,5,5,1967,5,"""125000-149999"""
138,90,1,82,11070,1,0,1,1,1,171000,7,5,1988,9,"""150000-175000"""
139,60,1,73,9066,1,0,2,1,1,230000,8,5,1999,7,"""22500-250000"""
140,60,1,65,15426,1,0,2,1,1,231500,6,5,1997,7,"""22500-250000"""
141,20,1,70,10500,1,0,1,1,1,115000,4,5,1971,5,"""100001 - 124999"""
142,20,1,78,11645,1,0,1,1,1,260000,7,5,2005,7,"""250000-275000"""
143,50,1,71,8520,1,0,1,1,1,166000,5,4,1952,6,"""150000-175000"""
144,20,1,78,10335,1,0,2,1,1,204000,7,5,1999,6,"""200000-224999"""
145,90,2,70,9100,1,0,1,1,1,125000,5,5,1963,10,"""125000-149999"""
146,160,2,24,2522,1,0,1,1,1,130000,6,5,2004,7,"""125000-149999"""
147,30,2,51,6120,1,0,1,1,1,105000,5,7,1931,5,"""100001 - 124999"""
148,60,1,0,9505,1,0,2,1,1,222500,7,5,2001,8,"""200000-224999"""
149,20,1,63,7500,1,0,1,1,1,141000,7,5,2004,6,"""125000-149999"""
150,50,2,0,6240,1,0,1,1,1,115000,5,4,1936,7,"""100001 - 124999"""
151,20,1,120,10356,1,0,1,1,1,122000,5,6,1975,5,"""100001 - 124999"""
152,20,1,107,13891,1,0,1,1,1,372402,8,5,2007,6,"""300000"""
153,60,1,0,14803,1,0,2,1,1,190000,6,5,1971,8,"""175000-200000"""
154,20,1,0,13500,1,0,1,1,1,235000,6,7,1960,4,"""22500-250000"""
155,30,2,84,11340,1,0,1,1,1,125000,6,5,1923,7,"""125000-149999"""
156,50,1,60,9600,1,0,1,1,1,79000,6,5,1924,5,"""0-100000"""
157,20,1,60,7200,1,0,1,1,1,109500,5,7,1950,5,"""100001 - 124999"""
158,60,1,92,12003,1,0,1,1,1,269500,8,5,2009,8,"""250000-275000"""
159,60,4,100,12552,1,0,1,1,1,254900,7,5,2004,8,"""250000-275000"""
160,60,1,134,19378,1,0,2,4,1,320000,7,5,2005,9,"""300000"""
161,20,1,0,11120,1,0,2,1,1,162500,6,6,1984,6,"""150000-175000"""
162,60,1,110,13688,1,0,2,1,1,412500,9,5,2003,10,"""300000"""
163,20,1,95,12182,1,0,1,1,1,220000,7,5,2005,7,"""200000-224999"""
164,45,1,55,5500,1,0,1,1,1,103200,4,6,1956,4,"""100001 - 124999"""
165,40,2,40,5400,1,2,1,1,1,152000,6,7,1926,5,"""150000-175000"""
166,190,1,62,10106,1,0,1,1,1,127500,5,7,1940,6,"""125000-149999"""
167,20,1,0,10708,1,0,2,1,1,190000,5,5,1955,7,"""175000-200000"""
168,60,1,86,10562,1,0,1,1,1,325624,8,5,2007,8,"""300000"""
169,60,1,62,8244,1,0,2,1,1,183500,7,5,2004,7,"""175000-200000"""
170,20,1,0,16669,1,0,2,1,1,228000,8,6,1981,6,"""22500-250000"""
171,50,2,0,12358,1,0,2,1,1,128500,5,6,1941,7,"""125000-149999"""
172,20,1,141,31770,1,0,2,1,1,215000,6,5,1960,7,"""200000-224999"""
173,160,1,44,5306,1,0,2,1,1,239000,7,7,1987,5,"""22500-250000"""
174,20,1,80,10197,1,0,2,1,1,163000,6,5,1961,6,"""150000-175000"""
175,20,1,47,12416,1,0,2,1,1,184000,6,5,1986,7,"""175000-200000"""
176,20,1,84,12615,1,0,1,1,1,243000,6,7,1950,7,"""22500-250000"""
177,60,1,97,10029,1,0,2,1,1,211000,6,5,1988,8,"""200000-224999"""
178,50,1,0,13650,1,0,1,1,1,172500,5,5,1958,8,"""150000-175000"""
179,20,1,63,17423,1,0,2,1,1,501837,9,5,2008,9,"""300000"""
180,30,2,60,8520,1,0,1,1,1,100000,5,6,1923,5,"""300000"""
181,160,4,0,2117,1,0,1,1,1,177000,6,5,2000,5,"""175000-200000"""
182,70,1,54,7588,1,0,1,1,1,200100,7,6,1920,9,"""200000-224999"""
183,20,1,60,9060,1,0,1,1,1,120000,5,6,1957,7,"""100001 - 124999"""
184,50,2,63,11426,1,0,1,1,1,200000,7,5,2003,6,"""200000-224999"""
185,50,1,92,7438,1,0,2,1,1,127000,5,8,1908,5,"""125000-149999"""
186,75,2,90,22950,1,0,3,1,1,475000,10,9,1892,12,"""300000"""
187,80,1,0,9947,1,0,2,1,1,173000,7,5,1990,6,"""150000-175000"""
188,50,1,60,10410,1,0,1,1,1,135000,5,7,1916,8,"""125000-149999"""
189,90,1,64,7018,1,0,1,2,1,153337,5,5,1979,6,"""150000-175000"""
190,120,1,41,4923,1,0,1,1,1,286000,8,5,2001,5,"""275000-300000"""
191,70,1,70,10570,1,0,1,2,1,315000,8,8,1932,10,"""300000"""
192,60,1,0,7472,1,0,2,1,1,184000,7,9,1972,7,"""175000-200000"""
193,20,1,68,9017,1,0,2,1,1,192000,7,5,1999,6,"""175000-200000"""
194,160,2,24,2522,1,0,1,1,1,130000,7,5,2004,7,"""125000-149999"""
195,20,1,60,7180,1,0,2,1,1,127000,5,7,1972,5,"""125000-149999"""
196,160,1,24,2280,1,0,1,1,1,148500,6,6,1976,7,"""125000-149999"""
197,20,1,79,9416,1,0,1,1,1,311872,7,5,2007,8,"""300000"""
198,75,1,174,25419,1,0,1,1,1,235000,8,4,1918,8,"""22500-250000"""
199,75,2,92,5520,1,0,1,1,1,104000,6,6,1912,8,"""100001 - 124999"""
200,20,1,76,9591,1,0,1,1,1,274900,8,5,2004,7,"""250000-275000"""
201,20,2,80,8546,1,0,1,1,1,140000,4,5,2003,5,"""125000-149999"""
202,20,1,75,10125,1,0,1,1,1,171500,6,6,1977,6,"""150000-175000"""
203,50,1,50,7000,1,0,1,1,1,112000,6,6,1924,6,"""100001 - 124999"""
204,120,2,0,4438,1,0,1,1,1,149000,6,5,2004,3,"""125000-149999"""
205,50,2,50,3500,1,1,1,1,1,110000,5,7,1947,5,"""100001 - 124999"""
206,20,1,99,11851,1,0,1,1,1,180500,7,5,1990,5,"""175000-200000"""
207,20,1,40,13673,1,0,2,1,1,143900,5,5,1962,8,"""125000-149999"""
208,20,1,0,12493,1,0,2,1,1,141000,4,5,1960,6,"""125000-149999"""
209,60,1,0,14364,1,0,2,3,1,277000,7,5,1988,7,"""275000-300000"""
210,20,1,75,8250,1,0,1,1,1,145000,6,7,1964,6,"""125000-149999"""
211,30,1,67,5604,1,0,1,1,1,98000,5,6,1925,5,"""0-100000"""
212,20,1,83,10420,1,0,1,1,1,186000,6,5,2009,6,"""175000-200000"""
213,60,4,72,8640,1,0,1,1,1,252678,7,5,2009,7,"""250000-275000"""
214,20,1,43,13568,1,0,3,1,1,156000,5,5,1995,5,"""150000-175000"""
215,60,1,0,10900,1,0,2,1,1,161750,6,7,1977,6,"""150000-175000"""
216,20,1,72,10011,1,0,2,1,1,134450,5,6,1957,6,"""125000-149999"""
217,20,1,65,8450,1,0,1,1,1,210000,7,5,2004,8,"""200000-224999"""
218,70,2,57,9906,1,1,1,1,1,107000,4,4,1925,8,"""100001 - 124999"""
219,50,1,0,15660,1,0,2,1,1,311500,7,9,1939,8,"""300000"""
220,120,1,43,3010,1,0,1,1,1,167240,7,5,2005,5,"""150000-175000"""
221,20,1,73,8990,1,0,2,1,1,204900,7,5,2006,5,"""200000-224999"""
222,60,1,0,8068,1,0,2,1,1,200000,6,5,2002,8,"""200000-224999"""
223,60,1,85,11475,1,0,1,1,1,179900,6,6,1975,6,"""175000-200000"""
224,20,1,70,10500,1,0,1,1,1,97000,4,6,1971,4,"""0-100000"""
225,20,1,103,13472,1,0,1,1,1,386250,10,5,2003,8,"""300000"""
226,160,2,21,1680,1,0,1,1,1,112000,5,5,1971,6,"""100001 - 124999"""
227,60,1,82,9950,1,0,2,1,1,290000,7,5,1995,9,"""275000-300000"""
228,160,2,21,1869,1,0,1,1,1,106000,6,6,1970,5,"""100001 - 124999"""
229,20,1,70,8521,1,0,1,1,1,125000,5,5,1967,5,"""125000-149999"""
230,120,1,43,3182,1,0,1,1,1,192500,7,5,2005,7,"""175000-200000"""
231,20,1,73,8760,1,0,1,1,1,148000,6,6,1959,6,"""125000-149999"""
232,60,1,174,15138,1,0,2,1,1,403000,8,5,1995,9,"""300000"""
233,160,2,21,1680,1,0,1,1,1,94500,6,5,1972,5,"""0-100000"""
234,20,1,75,10650,1,0,1,1,1,128200,5,6,1976,5,"""125000-149999"""
235,60,1,0,7851,1,0,1,1,1,216500,6,5,2002,8,"""200000-224999"""
236,160,2,21,1680,1,0,1,1,1,89500,6,3,1971,5,"""0-100000"""
237,20,1,65,8773,1,0,1,1,1,185500,7,5,2004,6,"""175000-200000"""
238,60,1,0,9453,1,0,2,1,1,194500,7,7,1993,7,"""175000-200000"""
239,20,1,93,12030,1,0,1,1,1,318000,8,5,2007,7,"""300000"""
240,50,1,52,8741,1,0,1,1,1,113000,6,4,1945,7,"""100001 - 124999"""
241,20,4,75,9000,1,0,1,1,1,262500,8,5,2008,7,"""250000-275000"""
242,30,2,40,3880,1,0,1,1,1,110500,5,9,1945,4,"""100001 - 124999"""
243,50,2,63,5000,1,0,1,1,1,79000,5,4,1900,6,"""0-100000"""
244,160,1,75,10762,1,0,1,1,1,120000,6,6,1980,6,"""100001 - 124999"""
245,60,1,0,8880,1,0,2,1,1,205000,7,5,1994,8,"""200000-224999"""
246,20,1,80,10400,1,0,1,1,1,241500,7,5,1988,6,"""22500-250000"""
247,190,2,69,9142,1,1,1,1,1,137000,6,8,1910,9,"""125000-149999"""
248,20,1,75,11310,1,0,1,1,1,140000,6,5,1954,5,"""125000-149999"""
249,60,1,72,11317,1,0,1,1,1,180000,7,5,2003,8,"""175000-200000"""
250,50,1,0,159000,1,0,3,3,1,277000,6,7,1958,7,"""275000-300000"""
251,30,1,55,5350,1,0,2,1,1,76500,3,2,1940,6,"""0-100000"""
252,120,2,44,4750,1,0,2,4,1,235000,8,5,2006,5,"""22500-250000"""
253,60,1,65,8366,1,0,2,1,1,173000,6,5,2004,6,"""150000-175000"""
254,80,1,85,9350,1,0,1,1,1,158000,6,7,1964,7,"""150000-175000"""
255,20,1,70,8400,1,0,1,1,1,145000,5,6,1957,5,"""125000-149999"""
256,60,1,66,8738,1,0,2,1,1,230000,7,5,1999,8,"""22500-250000"""
257,60,4,64,8791,1,0,2,1,1,207500,6,5,2003,7,"""200000-224999"""
258,20,1,68,8814,1,0,1,1,1,220000,7,5,2006,8,"""200000-224999"""
259,60,1,80,12435,1,0,1,1,1,231500,7,5,2001,7,"""22500-250000"""
260,20,2,70,12702,1,0,1,1,1,97000,5,5,1956,4,"""0-100000"""
261,80,1,120,19296,1,0,1,1,1,176000,6,5,1962,6,"""175000-200000"""
262,60,1,69,9588,1,0,2,1,1,276000,8,5,2007,10,"""275000-300000"""
263,80,1,88,8471,1,0,2,1,1,151000,6,7,1977,6,"""150000-175000"""
264,50,2,50,5500,1,0,1,1,1,130000,5,7,1929,6,"""125000-149999"""
265,30,2,30,5232,1,1,4,2,1,73000,5,5,1925,4,"""0-100000"""
266,20,1,78,12090,1,0,2,1,1,175500,6,6,1981,7,"""175000-200000"""
267,60,1,70,11207,1,0,2,4,1,185000,6,5,1997,8,"""175000-200000"""
268,75,1,60,8400,1,0,1,2,1,179500,5,8,1939,8,"""175000-200000"""
269,30,2,71,6900,1,0,1,1,1,120500,5,6,1940,4,"""100001 - 124999"""
270,20,1,0,7917,1,0,2,1,1,148000,6,7,1976,6,"""125000-149999"""
271,60,4,84,10728,1,0,1,1,1,266000,8,5,2006,8,"""250000-275000"""
272,20,1,73,39104,1,0,2,3,1,241500,7,7,1954,5,"""22500-250000"""
273,60,1,92,11764,1,0,2,1,1,290000,8,7,1999,9,"""275000-300000"""
274,20,1,80,9600,1,0,1,1,1,139000,6,6,1958,6,"""125000-149999"""
275,20,1,76,8314,1,0,1,1,1,124500,5,7,1982,5,"""100001 - 124999"""
276,50,1,55,7264,1,0,1,1,1,205000,7,7,1925,5,"""200000-224999"""
277,20,1,129,9196,1,0,2,1,1,201000,7,5,2003,7,"""200000-224999"""
278,20,1,140,19138,1,0,1,1,1,141000,4,5,1951,4,"""125000-149999"""
279,20,1,107,14450,1,0,1,1,1,415298,9,5,2006,8,"""300000"""
280,60,1,83,10005,1,0,1,1,1,192000,7,5,1977,8,"""175000-200000"""
281,60,1,82,11287,1,0,1,1,1,228500,7,6,1989,7,"""22500-250000"""
282,20,4,60,7200,1,2,1,1,1,185000,6,5,2006,5,"""175000-200000"""
283,120,1,34,5063,1,0,1,1,1,207500,7,5,2007,6,"""200000-224999"""
284,20,1,74,9612,1,0,1,1,1,244600,8,5,2008,6,"""22500-250000"""
285,120,1,50,8012,1,0,1,1,1,179200,6,5,1992,5,"""175000-200000"""
286,160,4,35,4251,1,2,2,1,1,164700,7,5,2006,5,"""150000-175000"""
287,50,1,77,9786,1,0,2,2,1,159000,6,7,1962,7,"""150000-175000"""
288,20,1,0,8125,1,0,2,1,1,88000,4,4,1971,5,"""0-100000"""
289,20,1,0,9819,1,0,2,1,1,122000,5,5,1967,5,"""100001 - 124999"""
290,70,1,60,8730,1,0,1,1,1,153575,6,7,1915,7,"""150000-175000"""
291,60,1,120,15611,1,0,1,1,1,233230,8,5,2006,8,"""22500-250000"""
292,190,1,55,5687,1,1,1,2,1,135900,5,6,1912,9,"""125000-149999"""
293,50,1,60,11409,1,0,1,1,1,131000,5,4,1949,8,"""125000-149999"""
294,60,1,0,16659,1,0,2,1,1,235000,7,7,1977,9,"""22500-250000"""
295,20,1,80,9600,1,0,1,1,1,167000,6,5,1953,7,"""150000-175000"""
296,80,1,37,7937,1,0,2,1,1,142500,6,6,1984,6,"""125000-149999"""
297,50,2,75,13710,1,0,1,1,1,152000,5,5,1950,6,"""150000-175000"""
298,60,4,66,7399,1,2,2,1,1,239000,7,5,1997,7,"""22500-250000"""
299,60,1,90,11700,1,0,1,1,1,175000,6,6,1968,7,"""300000"""
300,20,1,80,14000,1,0,1,1,1,158500,6,8,1950,6,"""150000-175000"""
301,190,1,90,15750,1,0,1,1,1,157000,5,5,1953,5,"""150000-175000"""
302,60,1,66,16226,1,0,4,1,1,267000,8,5,1998,9,"""250000-275000"""
303,20,1,118,13704,1,0,2,1,1,205000,7,5,2001,6,"""200000-224999"""
304,20,1,70,9800,1,0,1,1,1,149900,5,7,1972,5,"""125000-149999"""
305,75,2,87,18386,1,0,1,1,1,295000,7,9,1880,10,"""275000-300000"""
306,20,1,80,10386,1,0,1,1,1,305900,8,5,2004,8,"""300000"""
307,60,1,116,13474,1,0,1,1,1,225000,7,5,1990,8,"""300000"""
308,50,2,0,7920,1,1,2,1,1,89500,6,7,1920,6,"""0-100000"""
309,30,1,0,12342,1,0,2,1,1,82500,4,5,1940,4,"""0-100000"""
310,20,1,90,12378,1,0,2,1,1,360000,9,5,2003,8,"""300000"""
311,60,1,0,7685,1,0,2,1,1,165600,6,5,1993,6,"""150000-175000"""
312,20,1,50,8000,1,0,1,1,1,132000,6,6,1948,5,"""125000-149999"""
313,190,2,65,7800,1,0,1,1,1,119900,5,7,1939,5,"""100001 - 124999"""
314,20,1,150,215245,1,0,4,3,1,375000,7,5,1965,8,"""300000"""
315,70,2,60,9600,1,1,1,1,1,178000,7,7,1925,6,"""175000-200000"""
316,60,1,71,7795,1,0,2,1,1,188500,7,5,2004,6,"""175000-200000"""
317,60,1,94,13005,1,0,2,1,1,260000,7,7,1980,10,"""250000-275000"""
318,60,4,75,9000,1,0,1,1,1,270000,8,5,2006,8,"""250000-275000"""
319,60,1,90,9900,1,0,1,3,1,260000,7,5,1993,9,"""250000-275000"""
320,80,1,0,14115,1,0,1,1,1,187500,7,5,1980,6,"""175000-200000"""
321,60,1,111,16259,1,0,1,1,1,342643,9,5,2006,9,"""300000"""
322,60,1,99,12099,1,0,2,1,1,354000,8,5,2004,10,"""300000"""
323,60,1,86,10380,1,0,2,1,1,301000,7,5,1986,8,"""300000"""
324,20,2,49,5820,1,0,1,1,1,126175,3,8,1955,6,"""125000-149999"""
325,80,1,96,11275,1,0,1,1,1,242000,7,7,1967,11,"""22500-250000"""
326,45,2,50,5000,1,0,1,1,1,87000,5,6,1941,5,"""0-100000"""
327,120,1,32,10846,1,0,2,1,1,324000,8,5,1993,6,"""300000"""
328,20,1,80,11600,1,0,1,1,1,145250,6,5,1960,7,"""125000-149999"""
329,75,1,0,11888,1,2,2,2,1,214500,6,6,1916,10,"""200000-224999"""
330,70,2,60,6402,1,0,1,1,1,78000,5,5,1920,6,"""0-100000"""
331,90,1,0,10624,1,0,2,1,1,119000,5,4,1964,10,"""100001 - 124999"""
332,20,1,70,8176,1,0,1,1,1,139000,5,6,1958,6,"""125000-149999"""
333,20,1,85,10655,1,0,2,1,1,284000,8,5,2003,7,"""275000-300000"""
334,120,2,59,8198,1,0,1,1,1,207000,7,5,2004,6,"""200000-224999"""
335,60,1,59,9042,1,0,2,1,1,192000,6,5,1998,7,"""175000-200000"""
336,190,1,0,164660,2,0,2,4,1,228950,5,6,1965,7,"""22500-250000"""
337,20,1,86,14157,1,0,2,4,1,377426,9,5,2005,8,"""300000"""
338,20,1,70,9135,1,0,1,1,1,214000,7,5,2002,7,"""200000-224999"""
339,20,1,91,14145,1,0,1,1,1,202500,7,7,1984,8,"""200000-224999"""
340,20,1,66,12400,1,0,2,1,1,155000,6,7,1958,6,"""150000-175000"""
341,60,1,85,14191,1,0,1,1,1,202900,8,5,2002,9,"""200000-224999"""
342,20,5,60,8400,1,0,1,1,1,82000,4,4,1950,4,"""0-100000"""
343,90,1,0,8544,1,0,1,1,1,87500,3,4,1949,6,"""0-100000"""
344,120,1,63,8849,1,0,2,1,1,266000,9,5,2005,6,"""250000-275000"""
345,160,2,36,2592,1,0,1,1,1,85000,5,3,1976,4,"""0-100000"""
346,50,1,65,6435,1,0,1,1,1,140200,6,5,1939,6,"""125000-149999"""
347,20,1,0,12772,1,0,2,1,1,151500,6,8,1960,5,"""150000-175000"""
348,20,1,0,17600,1,0,2,1,1,157500,6,5,1960,6,"""150000-175000"""
349,160,1,36,2448,1,0,1,1,1,154000,7,5,2003,6,"""150000-175000"""
350,60,1,56,20431,1,0,3,1,1,437154,9,5,2005,10,"""300000"""
351,120,1,68,7820,1,0,2,1,1,318061,9,5,2007,6,"""300000"""
352,120,1,0,5271,1,0,2,3,1,190000,7,5,1986,6,"""175000-200000"""
353,50,1,60,9084,1,0,1,1,1,95000,5,6,1941,5,"""0-100000"""
354,30,2,60,8520,1,0,1,1,1,105900,6,8,1928,5,"""100001 - 124999"""
355,50,1,60,8400,1,0,1,2,1,140000,6,5,1940,6,"""125000-149999"""
356,20,1,105,11249,1,0,3,1,1,177500,6,5,1995,6,"""175000-200000"""
357,20,1,0,9248,1,0,2,1,1,173000,6,6,1992,6,"""150000-175000"""
358,120,2,44,4224,1,0,1,1,1,134000,5,5,1976,6,"""125000-149999"""
359,80,1,92,6930,1,0,2,1,1,130000,5,4,1958,6,"""125000-149999"""
360,60,1,78,12011,1,0,2,1,1,280000,8,5,1998,7,"""275000-300000"""
361,85,1,0,7540,1,0,2,1,1,156000,6,6,1978,5,"""150000-175000"""
362,50,1,0,9144,1,2,1,1,1,145000,5,5,1940,8,"""125000-149999"""
363,85,1,64,7301,1,0,1,1,1,198500,7,5,2003,7,"""175000-200000"""
364,160,2,21,1680,1,0,1,1,1,118000,6,8,1972,5,"""100001 - 124999"""
365,60,1,0,18800,1,0,2,1,1,190000,6,5,1976,6,"""175000-200000"""
366,70,2,59,10690,1,0,1,1,1,147000,5,7,1920,6,"""125000-149999"""
367,20,1,0,9500,1,0,2,1,1,159000,6,5,1963,6,"""150000-175000"""
368,80,1,101,9150,1,0,2,1,1,165000,6,5,1962,6,"""150000-175000"""
369,20,1,78,7800,1,0,1,1,1,132000,5,6,1954,7,"""125000-149999"""
370,20,1,0,9830,1,0,2,1,1,162000,5,7,1959,7,"""150000-175000"""
371,60,1,0,8121,1,0,2,1,1,172400,6,5,2000,7,"""150000-175000"""
372,50,1,80,17120,1,0,1,1,1,134432,4,4,1959,7,"""125000-149999"""
373,120,1,50,7175,1,0,1,1,1,125000,6,5,1984,4,"""125000-149999"""
374,20,1,79,10634,1,0,1,1,1,123000,5,6,1953,5,"""100001 - 124999"""
375,60,1,65,8200,1,0,1,1,1,219500,7,5,2003,8,"""200000-224999"""
376,30,1,0,10020,1,0,2,3,1,61000,1,1,1922,4,"""0-100000"""
377,85,1,57,8846,1,0,2,1,1,148000,5,5,1996,5,"""125000-149999"""
378,60,4,102,11143,1,0,2,1,1,340000,8,5,2004,8,"""300000"""
379,20,1,88,11394,1,0,1,1,1,394432,9,2,2010,8,"""300000"""
380,60,1,60,8123,1,0,2,1,1,179000,6,5,2000,7,"""175000-200000"""
381,50,1,50,5000,1,2,1,1,1,127000,5,6,1924,6,"""125000-149999"""
382,20,4,60,7200,1,2,1,1,1,187750,7,5,2006,5,"""175000-200000"""
383,60,1,79,9245,1,0,2,1,1,213500,7,5,2006,8,"""200000-224999"""
384,45,5,60,9000,1,0,1,1,1,76000,6,3,1928,5,"""0-100000"""
385,60,1,0,53107,1,0,3,3,1,240000,6,5,1992,9,"""22500-250000"""
386,120,1,43,3182,1,0,1,1,1,192000,8,5,2004,6,"""175000-200000"""
387,50,1,58,8410,1,0,1,1,1,81000,5,3,1910,8,"""0-100000"""
388,80,1,72,7200,1,0,1,1,1,125000,6,6,1976,6,"""125000-149999"""
389,20,1,93,9382,1,0,2,1,1,191000,7,5,1999,6,"""175000-200000"""
390,60,1,96,12474,1,0,1,1,1,426000,10,5,2007,9,"""300000"""
391,50,1,50,8405,1,1,1,1,1,119000,5,8,1900,7,"""100001 - 124999"""
392,60,1,71,12209,1,0,2,1,1,215000,6,5,2001,7,"""200000-224999"""
393,20,1,0,8339,1,0,2,1,1,106500,5,7,1959,5,"""100001 - 124999"""
394,30,1,0,7446,1,0,1,1,1,100000,4,5,1941,4,"""300000"""
395,50,1,60,10134,1,0,1,1,1,109000,5,6,1940,5,"""100001 - 124999"""
396,20,1,68,9571,1,0,1,1,1,129000,5,6,1956,6,"""125000-149999"""
397,20,1,60,7200,1,0,1,3,1,123000,5,5,1972,6,"""100001 - 124999"""
398,60,1,69,7590,1,0,1,1,1,169500,5,5,1962,8,"""150000-175000"""
399,30,2,60,8967,1,0,1,1,1,67000,5,2,1920,6,"""0-100000"""
400,60,4,65,8125,1,0,1,1,1,241000,7,5,2006,7,"""22500-250000"""
401,120,1,38,14963,1,0,3,1,1,245500,8,5,1996,4,"""22500-250000"""
402,20,1,65,8767,1,0,2,1,1,164990,7,5,2005,6,"""150000-175000"""
403,30,1,60,10200,1,0,1,1,1,108000,5,8,1940,4,"""100001 - 124999"""
404,60,1,93,12090,1,0,1,1,1,258000,8,5,1998,10,"""250000-275000"""
405,60,1,0,10364,1,0,2,1,1,168000,6,5,1995,7,"""150000-175000"""
406,20,1,0,9991,1,0,2,1,1,150000,4,4,1976,8,"""300000"""
407,50,1,51,10480,1,0,1,1,1,115000,6,5,1936,6,"""100001 - 124999"""
408,70,1,63,15576,1,0,1,1,1,177000,6,7,1915,8,"""175000-200000"""
409,60,1,109,14154,1,0,1,1,1,280000,7,5,2006,9,"""275000-300000"""
410,60,4,85,10800,1,0,1,1,1,339750,8,5,2007,8,"""300000"""
411,20,1,68,9571,1,0,1,1,1,60000,5,3,1958,5,"""0-100000"""
412,190,1,100,34650,1,0,1,2,1,145000,5,5,1955,5,"""125000-149999"""
413,20,4,0,4403,1,0,3,1,1,222000,7,5,2009,7,"""200000-224999"""
414,30,2,56,8960,1,1,1,1,1,115000,5,6,1927,5,"""100001 - 124999"""
415,60,1,59,11228,1,0,3,1,1,228000,7,5,1993,9,"""22500-250000"""
416,20,1,73,8899,1,0,2,1,1,181134,7,5,2007,6,"""175000-200000"""
417,60,1,74,7844,1,0,1,1,1,149500,6,7,1978,6,"""125000-149999"""
418,70,1,86,22420,1,0,2,1,1,239000,6,6,1918,10,"""22500-250000"""
419,50,1,60,8160,1,0,1,1,1,126000,5,6,1940,7,"""125000-149999"""
420,20,1,65,8450,1,0,1,1,1,142000,5,6,1968,6,"""125000-149999"""
421,90,2,78,7060,1,0,1,1,1,206300,7,5,1997,8,"""200000-224999"""
422,20,1,0,16635,1,0,2,1,1,215000,6,7,1977,8,"""200000-224999"""
423,20,1,100,21750,1,0,1,4,1,113000,5,5,1954,4,"""100001 - 124999"""
424,60,1,80,9200,1,0,1,1,1,315000,8,5,1998,8,"""300000"""
425,20,1,72,9000,1,0,1,1,1,139000,6,5,1956,6,"""125000-149999"""
426,60,2,60,3378,1,1,1,4,1,135000,7,8,1946,6,"""125000-149999"""
427,80,1,0,12800,1,0,1,3,1,275000,7,5,1989,5,"""300000"""
428,20,1,77,8593,1,0,2,1,1,109008,4,6,1957,5,"""100001 - 124999"""
429,20,1,64,6762,1,0,1,1,1,195400,7,5,2007,6,"""175000-200000"""
430,20,1,130,11457,1,0,2,1,1,175000,6,5,1988,6,"""300000"""
431,160,2,21,1680,1,0,1,1,1,85400,6,5,1971,4,"""0-100000"""
432,50,2,60,5586,1,0,2,2,1,79900,6,7,1920,7,"""0-100000"""
433,160,2,24,1920,1,0,1,1,1,122500,5,5,1971,6,"""100001 - 124999"""
434,60,1,100,10839,1,0,2,1,1,181000,6,5,1997,7,"""175000-200000"""
435,180,2,21,1890,1,0,1,1,1,81000,4,7,1972,3,"""0-100000"""
436,60,1,43,10667,1,0,3,1,1,212000,7,6,1996,6,"""200000-224999"""
437,50,2,40,4400,1,0,1,1,1,116000,6,8,1920,6,"""100001 - 124999"""
438,45,2,50,6000,1,0,1,1,1,119000,6,7,1926,4,"""100001 - 124999"""
439,30,1,40,4280,1,0,1,1,1,90350,5,6,1913,4,"""0-100000"""
440,50,1,67,12354,1,1,1,1,1,110000,6,8,1920,7,"""100001 - 124999"""
441,20,1,105,15431,1,0,1,1,1,555000,10,5,2008,10,"""300000"""
442,90,1,92,12108,1,0,1,1,1,118000,4,4,1955,8,"""100001 - 124999"""
443,50,2,52,6240,1,0,1,1,1,162900,5,7,1930,8,"""150000-175000"""
444,120,1,53,3922,1,0,1,1,1,172500,7,5,2006,6,"""150000-175000"""
445,60,1,70,8750,1,0,1,1,1,210000,7,5,1994,8,"""200000-224999"""
446,20,1,73,9855,1,0,1,1,1,127500,6,5,1956,7,"""125000-149999"""
447,20,1,137,16492,1,0,2,1,1,190000,6,6,1966,6,"""175000-200000"""
448,60,1,0,11214,1,0,2,1,1,199900,7,5,1998,10,"""175000-200000"""
449,50,2,50,8600,1,0,1,2,1,119500,6,6,1937,7,"""100001 - 124999"""
450,50,2,50,6000,1,0,1,1,1,120000,3,7,1948,6,"""100001 - 124999"""
451,30,2,70,5684,1,0,1,1,1,110000,6,8,1930,5,"""100001 - 124999"""
452,20,1,62,70761,1,0,2,3,1,280000,7,5,1975,5,"""275000-300000"""
453,60,1,0,9303,1,0,2,1,1,204000,6,5,1996,7,"""200000-224999"""
454,60,4,75,9000,1,0,1,1,1,210000,8,5,2008,6,"""200000-224999"""
455,90,1,63,9297,1,0,1,1,1,188000,5,5,1976,8,"""175000-200000"""
456,20,1,80,9600,1,0,1,1,1,175500,7,6,1973,6,"""175000-200000"""
457,70,2,34,4571,1,1,1,1,1,98000,5,5,1916,7,"""0-100000"""
458,20,1,0,53227,1,0,2,3,1,256000,4,6,1954,6,"""250000-275000"""
459,70,2,0,5100,1,1,1,1,1,161000,8,7,1925,7,"""150000-175000"""
460,50,1,0,7015,1,0,2,2,1,110000,5,4,1950,5,"""100001 - 124999"""
461,60,4,75,8004,1,0,2,1,1,263435,8,5,2009,8,"""250000-275000"""
462,70,1,60,7200,1,0,1,1,1,155000,7,9,1936,6,"""150000-175000"""
463,20,1,60,8281,1,0,2,1,1,62383,5,5,1965,5,"""0-100000"""
464,70,1,74,11988,1,0,2,4,1,188700,6,7,1934,6,"""175000-200000"""
465,20,1,60,8430,1,0,1,4,1,124000,5,5,1978,5,"""100001 - 124999"""
466,120,2,0,3072,1,0,1,1,1,178740,7,5,2004,6,"""175000-200000"""
467,20,1,85,10628,1,0,1,1,1,167000,7,5,1970,5,"""150000-175000"""
468,70,1,79,9480,1,0,1,1,1,146500,5,7,1942,7,"""125000-149999"""
469,20,1,98,11428,1,0,2,1,1,250000,8,5,2006,7,"""300000"""
470,60,1,76,9291,1,0,2,1,1,187000,6,5,1993,7,"""175000-200000"""
471,120,1,0,6820,1,0,2,1,1,212000,8,5,1985,4,"""200000-224999"""
472,60,1,92,11952,1,0,1,1,1,190000,7,6,1977,8,"""175000-200000"""
473,180,2,35,3675,1,0,1,1,1,148000,6,5,2005,5,"""125000-149999"""
474,20,1,110,14977,1,0,2,1,1,440000,8,5,2006,7,"""300000"""
475,120,1,41,5330,1,0,1,1,1,251000,8,5,2000,6,"""250000-275000"""
476,20,1,80,8480,1,0,1,1,1,132500,5,6,1963,5,"""125000-149999"""
477,20,1,75,13125,1,0,1,1,1,208900,6,5,1997,7,"""200000-224999"""
478,60,1,105,13693,1,0,1,1,1,380000,9,5,2006,9,"""300000"""
479,20,1,79,10637,1,0,1,1,1,297000,8,5,2007,7,"""275000-300000"""
480,30,2,50,5925,1,0,1,2,1,89471,4,7,1937,7,"""0-100000"""
481,20,1,98,16033,1,0,2,1,1,326000,9,5,2004,8,"""300000"""
482,20,1,72,11846,1,0,2,4,1,374000,9,5,2003,6,"""300000"""
483,70,2,50,2500,1,2,1,1,1,155000,7,8,1915,7,"""150000-175000"""
484,120,2,32,4500,1,0,1,1,1,164000,6,5,1998,5,"""150000-175000"""
485,20,1,0,7758,1,0,2,1,1,132500,5,7,1962,6,"""125000-149999"""
486,20,1,80,9600,1,0,1,1,1,147000,5,7,1950,5,"""125000-149999"""
487,20,1,79,10289,1,0,1,1,1,156000,5,7,1965,6,"""150000-175000"""
488,20,1,70,12243,1,0,2,1,1,175000,5,6,1971,7,"""300000"""
489,190,1,60,10800,1,0,1,1,1,160000,5,4,1900,10,"""150000-175000"""
490,180,2,21,1526,1,0,1,1,1,86000,4,8,1970,3,"""0-100000"""
491,160,2,0,2665,1,0,1,1,1,115000,5,6,1976,4,"""100001 - 124999"""
492,50,1,79,9490,1,0,1,1,1,133000,6,7,1941,5,"""125000-149999"""
493,60,1,105,15578,1,0,2,1,1,172785,6,5,2006,8,"""150000-175000"""
494,20,1,70,7931,1,0,1,1,1,155000,5,6,1960,6,"""150000-175000"""
495,30,2,50,5784,1,0,1,1,1,91300,5,8,1938,4,"""0-100000"""
496,30,3,60,7879,1,0,1,1,1,34900,4,5,1920,4,"""0-100000"""
497,20,1,0,12692,1,0,2,1,1,430000,8,5,1992,10,"""300000"""
498,50,1,60,9120,1,2,1,1,1,184000,7,6,1925,8,"""175000-200000"""
499,20,1,65,7800,1,0,1,1,1,130000,5,7,1967,5,"""125000-149999"""
500,20,1,70,7535,1,0,2,1,1,120000,5,7,1958,5,"""100001 - 124999"""
501,160,2,21,1890,1,0,1,1,1,113000,6,5,1973,7,"""100001 - 124999"""
502,60,4,75,9803,1,0,1,1,1,226700,7,5,2005,7,"""22500-250000"""
503,20,1,70,9170,1,0,1,1,1,140000,5,7,1965,6,"""125000-149999"""
504,20,1,100,15602,1,0,2,1,1,289000,7,8,1959,6,"""275000-300000"""
505,160,1,24,2308,1,0,1,1,1,147000,6,5,1974,6,"""125000-149999"""
506,90,2,60,7596,1,1,1,1,1,124500,5,5,1952,10,"""100001 - 124999"""
507,60,1,80,9554,1,0,2,1,1,215000,8,5,1993,8,"""200000-224999"""
508,20,4,75,7862,1,0,2,1,1,208300,6,5,2009,4,"""200000-224999"""
509,70,2,60,9600,1,0,1,1,1,161000,7,9,1928,7,"""150000-175000"""
510,20,1,80,9600,1,0,1,1,1,124500,5,6,1959,6,"""100001 - 124999"""
511,20,1,75,14559,1,0,1,1,1,164900,5,7,1951,6,"""150000-175000"""
512,120,1,40,6792,1,0,2,1,1,202665,7,5,2005,6,"""200000-224999"""
513,20,1,70,9100,1,0,1,1,1,129900,5,5,1958,5,"""125000-149999"""
514,20,1,71,9187,1,0,1,2,1,134000,6,5,1983,5,"""125000-149999"""
515,45,1,55,10594,1,0,1,1,1,96500,5,5,1926,5,"""0-100000"""
516,20,1,94,12220,1,0,1,1,1,402861,10,5,2009,9,"""300000"""
517,80,1,0,10448,1,0,2,1,1,158000,6,6,1972,7,"""150000-175000"""
518,60,1,79,10208,1,0,2,1,1,265000,7,5,1996,7,"""250000-275000"""
519,60,1,0,9531,1,0,2,1,1,211000,6,5,1998,7,"""200000-224999"""
520,70,1,53,10918,1,0,1,1,1,234000,7,9,1926,9,"""22500-250000"""
521,190,1,60,10800,1,1,1,1,1,106250,4,7,1900,7,"""100001 - 124999"""
522,20,1,90,11988,1,0,2,1,1,150000,6,6,1957,6,"""300000"""
523,50,2,50,5000,1,0,1,1,1,159000,6,7,1947,7,"""150000-175000"""
524,60,1,130,40094,1,0,2,2,1,184750,10,5,2007,11,"""175000-200000"""
525,60,1,95,11787,1,0,2,1,1,315750,7,5,1996,8,"""300000"""
526,20,4,62,7500,1,2,1,1,1,176000,7,5,2005,6,"""175000-200000"""
527,20,1,70,13300,1,0,1,1,1,132000,5,7,1956,4,"""125000-149999"""
528,60,1,67,14948,1,0,2,1,1,446261,9,5,2008,11,"""300000"""
529,30,1,58,9098,1,0,2,1,1,86000,4,7,1920,5,"""0-100000"""
530,20,1,0,32668,1,0,2,1,1,200624,6,3,1957,9,"""200000-224999"""
531,80,1,85,10200,1,0,1,1,1,175000,6,5,1988,5,"""300000"""
532,70,2,60,6155,1,0,2,1,1,128000,6,8,1920,6,"""125000-149999"""
533,20,1,60,7200,1,0,1,1,1,107500,5,7,1955,5,"""100001 - 124999"""
534,20,1,50,5000,1,0,1,3,1,39300,1,3,1946,2,"""0-100000"""
535,60,1,74,9056,1,0,2,1,1,178000,8,5,2004,6,"""175000-200000"""
536,190,1,70,7000,1,0,1,1,1,107500,5,7,1910,5,"""100001 - 124999"""
537,60,1,57,8924,1,0,2,1,1,188000,7,5,1998,8,"""175000-200000"""
538,20,1,0,12735,1,0,2,1,1,111250,4,5,1972,5,"""100001 - 124999"""
539,20,1,0,11553,1,0,2,1,1,158000,5,5,1968,7,"""150000-175000"""
540,20,1,0,11423,1,0,1,1,1,272000,8,5,2001,6,"""250000-275000"""
541,20,1,85,14601,1,0,1,1,1,315000,9,5,2006,8,"""300000"""
542,60,1,0,11000,1,0,1,1,1,248000,8,5,2000,8,"""22500-250000"""
543,20,1,78,10140,1,0,1,1,1,213250,7,5,1998,7,"""200000-224999"""
544,120,5,34,4058,1,0,1,1,1,133000,7,5,1998,4,"""125000-149999"""
545,60,1,58,17104,1,0,2,1,1,179665,7,5,2006,7,"""175000-200000"""
546,50,1,0,13837,1,0,2,1,1,229000,7,5,1988,9,"""22500-250000"""
547,50,1,70,8737,1,0,2,2,1,210000,6,7,1923,6,"""200000-224999"""
548,85,1,54,7244,1,0,1,1,1,129500,5,7,1970,5,"""125000-149999"""
549,20,2,49,8235,1,0,2,4,1,125000,5,7,1955,4,"""125000-149999"""
550,60,4,75,9375,1,0,1,1,1,263000,7,5,2003,8,"""250000-275000"""
551,120,1,53,4043,1,0,1,1,1,140000,6,6,1977,4,"""125000-149999"""
552,20,2,50,6000,1,0,1,1,1,112500,5,6,1957,5,"""100001 - 124999"""
553,20,1,87,11146,1,0,2,1,1,255500,8,5,2006,7,"""250000-275000"""
554,20,1,67,8777,1,0,1,1,1,108000,4,5,1949,5,"""100001 - 124999"""
555,60,1,85,10625,1,0,1,1,1,284000,7,5,2003,8,"""275000-300000"""
556,45,2,58,6380,1,0,1,1,1,113000,5,6,1922,5,"""100001 - 124999"""
557,20,1,69,14850,1,0,2,1,1,141000,5,5,1957,6,"""125000-149999"""
558,50,3,60,11040,1,0,1,3,1,108000,4,6,1920,7,"""100001 - 124999"""
559,60,1,57,21872,1,0,3,4,1,175000,7,5,1996,6,"""300000"""
560,120,1,0,3196,1,0,1,1,1,234000,7,5,2003,7,"""22500-250000"""
561,20,1,0,11341,1,0,2,1,1,121500,5,6,1957,5,"""100001 - 124999"""
562,20,1,77,10010,1,0,1,1,1,170000,5,5,1974,6,"""150000-175000"""
563,30,1,63,13907,1,0,1,1,1,108000,5,6,1940,6,"""100001 - 124999"""
564,50,1,66,21780,1,0,1,1,1,185000,6,7,1918,8,"""175000-200000"""
565,60,1,0,13346,1,0,2,1,1,268000,7,5,1992,9,"""250000-275000"""
566,70,1,66,6858,1,0,1,2,1,128000,6,4,1915,6,"""125000-149999"""
567,60,1,77,11198,1,0,2,1,1,325000,9,5,2005,11,"""300000"""
568,20,1,70,10171,1,0,2,1,1,214000,7,5,2004,7,"""200000-224999"""
569,50,1,79,12327,1,0,2,3,1,316600,8,8,1983,5,"""300000"""
570,90,1,0,7032,1,0,2,1,1,135960,5,5,1979,4,"""125000-149999"""
571,90,1,74,13101,1,0,2,1,1,142600,5,5,1965,10,"""125000-149999"""
572,20,1,60,7332,1,0,1,1,1,120000,6,6,1959,4,"""100001 - 124999"""
573,60,1,83,13159,1,0,2,4,1,224500,7,5,2009,6,"""200000-224999"""
574,80,1,76,9967,1,0,2,1,1,170000,7,5,2000,8,"""150000-175000"""
575,80,1,70,10500,1,0,1,1,1,139000,5,7,1971,5,"""125000-149999"""
576,50,1,80,8480,1,0,1,1,1,118500,5,5,1947,6,"""100001 - 124999"""
577,50,1,52,6292,1,0,1,1,1,145000,7,7,1928,6,"""125000-149999"""
578,80,1,96,11777,1,0,2,1,1,164500,5,6,1966,6,"""150000-175000"""
579,160,4,34,3604,1,2,1,1,1,146000,7,5,2007,5,"""125000-149999"""
580,50,2,81,12150,1,1,1,1,1,131500,5,5,1954,7,"""125000-149999"""
581,20,1,0,14585,1,0,2,1,1,181900,6,6,1960,7,"""175000-200000"""
582,20,1,98,12704,1,0,1,1,1,253293,8,5,2008,8,"""250000-275000"""
583,90,1,81,11841,2,0,1,1,1,118500,6,5,1990,5,"""100001 - 124999"""
584,75,2,75,13500,1,0,1,1,1,325000,10,9,1893,9,"""300000"""
585,50,2,51,6120,1,0,1,1,1,133000,4,7,1935,6,"""125000-149999"""
586,20,1,88,11443,1,0,1,1,1,369900,8,5,2005,7,"""300000"""
587,30,1,55,10267,1,0,1,1,1,130000,6,7,1918,5,"""125000-149999"""
588,85,1,74,8740,1,0,2,1,1,137000,5,6,1982,4,"""125000-149999"""
589,20,1,65,25095,1,0,2,3,1,143000,5,8,1968,5,"""125000-149999"""
590,40,2,50,9100,1,0,1,1,1,79500,5,6,1930,4,"""0-100000"""
591,60,1,64,8320,1,0,1,1,1,185900,7,5,2004,6,"""175000-200000"""
592,60,1,97,13478,1,0,2,1,1,451950,10,5,2008,10,"""300000"""
593,20,1,60,6600,1,0,1,1,1,138000,5,8,1982,4,"""125000-149999"""
594,120,2,0,4435,1,0,1,1,1,140000,6,5,2003,4,"""125000-149999"""
595,20,1,88,7990,1,0,2,1,1,110000,5,6,1975,5,"""100001 - 124999"""
596,20,1,69,11302,1,0,2,1,1,319000,8,5,2005,7,"""300000"""
597,70,2,60,3600,1,1,1,1,1,114504,6,7,1910,7,"""100001 - 124999"""
598,120,1,53,3922,1,0,1,1,1,194201,7,5,2006,7,"""175000-200000"""
599,20,1,80,12984,1,0,1,2,1,217500,5,6,1977,7,"""200000-224999"""
600,160,2,24,1950,1,0,1,1,1,151000,6,6,1980,6,"""150000-175000"""
601,60,1,74,10927,1,0,1,1,1,275000,8,5,2005,8,"""300000"""
602,50,2,50,9000,1,0,1,2,1,141000,6,6,1937,6,"""125000-149999"""
603,60,1,80,10041,1,0,2,1,1,220000,8,5,1992,8,"""200000-224999"""
604,160,4,30,3182,1,2,1,1,1,151000,7,5,2004,4,"""150000-175000"""
605,20,1,88,12803,1,0,2,1,1,221000,7,5,2002,6,"""200000-224999"""
606,60,1,85,13600,1,0,1,1,1,205000,7,6,1965,7,"""200000-224999"""
607,20,1,82,12464,1,0,3,3,1,152000,5,5,1996,6,"""150000-175000"""
608,20,1,78,7800,1,0,1,2,1,225000,5,8,1948,8,"""300000"""
609,70,1,78,12168,1,0,1,4,1,359100,8,6,1934,10,"""300000"""
610,20,1,61,7943,1,0,1,1,1,118500,4,5,1961,5,"""100001 - 124999"""
611,60,1,0,11050,1,0,1,1,1,313000,9,5,2000,8,"""300000"""
612,80,1,0,10395,1,0,2,1,1,148000,6,6,1978,6,"""125000-149999"""
613,60,1,0,11885,1,0,1,1,1,261500,8,5,2001,7,"""250000-275000"""
614,20,1,70,8402,1,0,1,1,1,147000,5,5,2007,6,"""125000-149999"""
615,180,2,21,1491,1,0,1,1,1,75500,4,6,1972,3,"""0-100000"""
616,85,1,80,8800,1,0,1,1,1,137500,6,7,1963,6,"""125000-149999"""
617,60,1,0,7861,1,0,2,1,1,183200,6,5,2002,7,"""175000-200000"""
618,45,1,59,7227,1,0,1,4,1,105500,6,6,1954,4,"""100001 - 124999"""
619,20,1,90,11694,1,0,1,1,1,314813,9,5,2007,9,"""300000"""
620,60,1,85,12244,1,0,1,1,1,305000,8,5,2003,10,"""300000"""
621,30,1,45,8248,1,1,1,1,1,67000,3,3,1914,5,"""0-100000"""
622,60,1,90,10800,1,0,1,1,1,240000,6,7,1974,9,"""22500-250000"""
623,20,1,71,7064,1,0,1,1,1,135000,5,6,1977,6,"""125000-149999"""
624,160,4,0,2117,1,0,1,1,1,168500,6,5,2000,4,"""150000-175000"""
625,60,1,80,10400,1,0,1,1,1,165150,6,5,1972,8,"""150000-175000"""
626,20,1,87,10000,1,0,2,1,1,160000,6,6,1962,5,"""150000-175000"""
627,20,1,0,12342,1,0,2,1,1,139900,5,5,1960,6,"""125000-149999"""
628,80,1,80,9600,1,0,1,1,1,153000,6,6,1955,7,"""150000-175000"""
629,60,1,70,11606,1,0,2,4,1,135000,5,5,1969,9,"""125000-149999"""
630,80,1,82,9020,1,0,1,1,1,168500,6,5,1964,6,"""150000-175000"""
631,70,2,50,9000,1,1,1,1,1,124000,5,6,1880,8,"""100001 - 124999"""
632,120,1,34,4590,1,0,1,1,1,209500,8,5,2006,6,"""200000-224999"""
633,20,1,85,11900,1,0,1,1,1,82500,7,5,1977,6,"""0-100000"""
634,20,1,80,9250,1,0,1,1,1,139400,5,7,1954,6,"""125000-149999"""
635,90,1,64,6979,1,0,1,1,1,144000,6,5,1980,4,"""125000-149999"""
636,190,5,60,10896,1,2,1,2,1,200000,6,7,1914,14,"""200000-224999"""
637,30,2,51,6120,1,0,1,1,1,60000,2,3,1936,4,"""0-100000"""
638,190,2,50,6000,1,0,1,1,1,93000,5,4,1954,7,"""0-100000"""
639,30,1,67,8777,1,0,1,1,1,85000,5,7,1910,4,"""0-100000"""
640,120,1,53,3982,1,0,1,1,1,264561,8,5,2006,7,"""250000-275000"""
641,120,1,62,12677,1,0,2,1,1,274000,8,5,2003,6,"""250000-275000"""
642,60,4,0,7050,1,0,1,1,1,226000,7,5,2001,7,"""22500-250000"""
643,80,1,75,13860,1,0,1,1,1,345000,8,7,1972,9,"""300000"""
644,60,1,80,10793,1,0,1,1,1,152000,5,5,1969,7,"""150000-175000"""
645,20,4,85,9187,1,0,1,1,1,370878,9,5,2009,7,"""300000"""
646,20,1,0,10530,1,0,2,1,1,143250,6,5,1971,5,"""125000-149999"""
647,20,1,60,7200,1,0,1,1,1,98300,5,5,1950,7,"""0-100000"""
648,20,1,85,10452,1,0,2,1,1,155000,6,5,1953,5,"""150000-175000"""
649,60,1,70,7700,1,0,1,1,1,155000,6,5,1966,7,"""150000-175000"""
650,180,2,21,1936,1,0,1,1,1,84500,4,6,1970,3,"""0-100000"""
651,60,4,65,8125,1,0,1,1,1,205950,7,6,2007,7,"""200000-224999"""
652,70,1,60,9084,1,0,1,1,1,108000,4,5,1940,7,"""100001 - 124999"""
653,60,1,70,8750,1,0,1,1,1,191000,7,5,1996,7,"""175000-200000"""
654,50,2,60,10320,1,1,1,1,1,135000,6,7,1906,7,"""125000-149999"""
655,20,1,91,10437,1,0,2,1,1,350000,8,6,1995,7,"""300000"""
656,160,2,21,1680,1,0,1,1,1,88000,6,5,1971,6,"""0-100000"""
657,20,1,72,10007,1,0,2,1,1,145500,5,7,1959,5,"""125000-149999"""
658,70,1,60,7200,1,0,1,4,1,149000,7,6,1931,6,"""125000-149999"""
659,50,1,78,17503,1,0,1,1,1,97500,6,5,1948,6,"""0-100000"""
660,20,1,75,9937,1,0,1,1,1,167000,5,7,1964,7,"""150000-175000"""
661,60,1,0,12384,1,0,1,1,1,197900,7,7,1976,7,"""175000-200000"""
662,60,1,52,46589,1,0,3,1,1,402000,8,7,1994,8,"""300000"""
663,20,1,120,13560,1,0,1,1,1,110000,6,3,1968,5,"""100001 - 124999"""
664,85,1,90,10012,1,0,1,1,1,137500,4,5,1972,6,"""125000-149999"""
665,20,1,49,20896,1,0,3,1,1,423000,8,5,2005,8,"""300000"""
666,60,1,106,11194,1,0,2,1,1,230500,8,5,2000,7,"""22500-250000"""
667,60,1,0,18450,1,0,2,1,1,129000,6,5,1965,7,"""125000-149999"""
668,20,1,65,8125,1,0,1,1,1,193500,6,5,1994,7,"""175000-200000"""
669,20,1,0,14175,1,0,1,2,1,168000,5,6,1956,6,"""150000-175000"""
670,30,1,80,11600,1,0,1,1,1,137500,4,5,1922,5,"""125000-149999"""
671,60,1,64,8633,1,0,1,1,1,173500,6,5,2005,7,"""150000-175000"""
672,70,5,54,6629,1,0,1,1,1,103600,6,6,1925,6,"""100001 - 124999"""
673,20,1,0,11250,1,0,2,1,1,165000,6,6,1977,6,"""150000-175000"""
674,20,1,110,14442,1,0,1,1,1,257500,6,7,1957,7,"""250000-275000"""
675,20,1,80,9200,1,0,1,1,1,140000,6,6,1965,5,"""125000-149999"""
676,160,1,24,2289,1,0,1,1,1,148500,6,6,1978,7,"""125000-149999"""
677,70,2,60,9600,1,1,1,1,1,87000,4,2,1900,8,"""0-100000"""
678,30,1,52,9022,1,0,1,1,1,109500,5,8,1924,5,"""100001 - 124999"""
679,20,1,80,11844,1,0,2,1,1,372500,8,5,2008,7,"""300000"""
680,20,1,0,9945,1,0,2,1,1,128500,5,5,1961,5,"""125000-149999"""
681,120,1,50,8012,1,0,1,1,1,143000,6,5,1980,5,"""125000-149999"""
682,50,5,55,4500,1,2,3,2,1,159434,5,5,1932,6,"""150000-175000"""
683,120,1,0,2887,1,0,1,4,1,173000,6,5,1996,6,"""150000-175000"""
684,20,1,90,11248,1,0,2,1,1,285000,9,5,2002,7,"""275000-300000"""
685,60,1,58,16770,1,0,3,1,1,221000,7,5,1998,7,"""200000-224999"""
686,160,1,0,5062,1,0,2,1,1,207500,7,5,1984,6,"""200000-224999"""
687,60,4,84,10207,1,0,1,1,1,227875,7,6,2007,7,"""22500-250000"""
688,160,4,0,5105,1,0,3,1,1,148800,7,5,2004,4,"""125000-149999"""
689,20,1,60,8089,1,0,1,4,1,392000,8,6,2007,7,"""300000"""
690,120,1,61,7577,1,0,2,1,1,194700,6,5,2005,6,"""175000-200000"""
691,120,2,0,4426,1,0,1,1,1,141000,6,5,2004,3,"""125000-149999"""
692,60,1,104,21535,1,0,2,1,1,755000,10,6,1994,10,"""300000"""
693,60,1,42,26178,1,0,2,1,1,335000,7,5,1989,9,"""300000"""
694,30,1,60,5400,1,0,1,1,1,108480,5,6,1921,4,"""100001 - 124999"""
695,50,2,51,6120,1,0,1,1,1,141500,5,6,1936,5,"""125000-149999"""
696,20,1,54,13811,1,0,2,1,1,176000,6,6,1987,5,"""175000-200000"""
697,30,2,50,6000,1,0,1,1,1,89000,5,7,1921,4,"""0-100000"""
698,20,1,57,6420,1,0,2,1,1,123500,5,7,1952,6,"""100001 - 124999"""
699,20,1,65,8450,1,0,1,1,1,138500,5,8,1965,5,"""125000-149999"""
700,120,4,59,4282,1,2,3,1,1,196000,7,5,2004,5,"""175000-200000"""
701,20,1,85,14331,1,0,1,1,1,312500,8,5,2002,7,"""300000"""
702,20,1,80,9600,1,0,1,1,1,140000,7,5,1969,6,"""125000-149999"""
703,60,1,82,12438,1,0,2,1,1,361919,8,5,2006,10,"""300000"""
704,190,2,76,7630,1,0,1,1,1,140000,5,9,1900,8,"""125000-149999"""
705,20,1,70,8400,1,0,1,1,1,213000,7,5,2004,7,"""200000-224999"""
706,190,2,70,5600,1,0,1,1,1,55000,4,5,1930,7,"""0-100000"""
707,20,1,0,115149,1,0,3,3,1,302000,7,5,1971,5,"""300000"""
708,120,1,48,6240,1,0,1,1,1,254000,8,5,2006,6,"""250000-275000"""
709,60,1,65,9018,1,0,2,1,1,179540,7,5,2007,8,"""175000-200000"""
710,20,1,0,7162,1,0,2,1,1,109900,5,7,1966,6,"""100001 - 124999"""
711,30,1,56,4130,1,0,2,1,1,52000,3,6,1935,5,"""0-100000"""
712,50,3,66,8712,1,2,1,4,1,102776,4,7,1900,7,"""100001 - 124999"""
713,120,1,40,4671,1,0,2,4,1,189000,8,5,1988,5,"""175000-200000"""
714,190,1,60,9873,1,0,1,1,1,129000,4,5,1970,6,"""125000-149999"""
715,60,1,0,13517,1,0,2,1,1,130500,6,8,1976,6,"""125000-149999"""
716,20,1,78,10140,1,0,1,1,1,165000,6,5,1974,7,"""150000-175000"""
717,70,2,60,10800,1,1,1,2,1,159500,7,8,1890,8,"""150000-175000"""
718,20,1,80,10000,1,0,1,1,1,157000,5,6,1973,5,"""150000-175000"""
719,60,1,96,10542,1,0,1,1,1,341000,7,5,1993,9,"""300000"""
720,20,1,69,9920,1,0,2,1,1,128500,5,6,1969,5,"""125000-149999"""
721,120,1,0,6563,1,0,2,3,1,275000,8,5,1985,5,"""300000"""
722,120,2,0,4426,1,0,1,1,1,143000,6,5,2004,3,"""125000-149999"""
723,20,1,70,8120,1,0,1,1,1,124500,4,7,1970,5,"""100001 - 124999"""
724,50,1,60,8172,1,0,1,1,1,135000,4,6,1954,7,"""125000-149999"""
725,20,1,86,13286,1,0,2,1,1,320000,9,5,2007,8,"""300000"""
726,20,1,60,6960,1,0,1,1,1,120500,4,6,1970,5,"""100001 - 124999"""
727,20,1,0,21695,1,0,2,1,1,222000,6,9,1988,5,"""200000-224999"""
728,20,1,64,7314,1,0,1,1,1,194500,7,5,2007,6,"""175000-200000"""
729,90,1,85,11475,1,0,1,1,1,110000,5,5,1958,9,"""100001 - 124999"""
730,30,2,52,6240,1,1,1,1,1,103000,4,5,1925,5,"""100001 - 124999"""
731,120,1,39,5389,1,0,2,1,1,236500,8,5,1995,5,"""22500-250000"""
732,80,1,73,9590,1,0,2,1,1,187500,7,5,2003,6,"""175000-200000"""
733,60,1,75,11404,1,0,2,1,1,222500,7,5,1998,8,"""200000-224999"""
734,20,1,80,10000,1,0,1,1,1,131400,5,6,1961,6,"""125000-149999"""
735,20,1,0,8978,1,0,2,1,1,108000,5,5,1968,6,"""100001 - 124999"""
736,75,2,60,10800,1,0,1,1,1,163000,7,7,1914,6,"""150000-175000"""
737,90,1,60,8544,1,0,1,1,1,93500,3,4,1950,6,"""0-100000"""
738,60,1,72,10463,1,0,2,4,1,239900,8,5,2005,8,"""22500-250000"""
739,90,1,60,10800,1,0,1,1,1,179000,5,5,1987,5,"""175000-200000"""
740,60,1,65,9313,1,0,2,1,1,190000,7,5,2004,7,"""175000-200000"""
741,70,2,60,9600,1,1,1,1,1,132000,5,7,1910,7,"""125000-149999"""
742,20,1,65,6768,1,0,2,1,1,142000,6,8,1961,5,"""125000-149999"""
743,20,1,65,8450,1,0,1,1,1,179000,7,5,2000,6,"""175000-200000"""
744,80,1,70,12886,1,0,2,1,1,175000,5,6,1963,6,"""300000"""
745,120,1,41,5395,1,0,2,4,1,180000,8,5,1993,5,"""175000-200000"""
746,60,1,0,8963,1,0,2,1,1,299800,8,9,1976,11,"""275000-300000"""
747,60,1,0,8795,1,0,2,1,1,236000,7,5,2000,8,"""22500-250000"""
748,70,2,65,11700,1,2,2,1,1,265979,7,7,1880,8,"""250000-275000"""
749,20,1,59,10593,1,0,2,1,1,260400,7,5,1996,7,"""250000-275000"""
750,50,1,50,8405,1,0,1,1,1,98000,4,3,1945,9,"""0-100000"""
751,50,2,55,8800,1,1,1,1,1,96500,4,7,1910,7,"""0-100000"""
752,60,1,0,7750,1,0,1,1,1,162000,7,5,2003,6,"""150000-175000"""
753,20,1,79,9236,1,0,2,1,1,217000,6,5,1997,6,"""200000-224999"""
754,60,1,80,10240,1,0,1,1,1,275500,8,5,2005,8,"""275000-300000"""
755,20,1,61,7930,1,0,1,1,1,156000,6,8,1969,5,"""150000-175000"""
756,160,4,34,3230,1,2,1,1,1,172500,6,5,1999,6,"""150000-175000"""
757,60,1,68,10769,1,0,2,1,1,212000,8,5,2007,7,"""200000-224999"""
758,60,1,0,11616,1,0,2,1,1,158900,6,5,1978,6,"""150000-175000"""
759,160,4,24,2280,1,2,1,1,1,179400,7,5,1999,6,"""175000-200000"""
760,60,1,65,12257,1,0,2,1,1,290000,8,5,1995,9,"""275000-300000"""
761,20,1,70,9100,1,0,1,1,1,127500,6,6,1959,5,"""125000-149999"""
762,30,2,60,6911,1,0,1,1,1,100000,5,5,1924,5,"""300000"""
763,60,4,72,8640,1,0,1,1,1,215200,7,5,2009,7,"""200000-224999"""
764,60,1,82,9430,1,0,1,1,1,337000,8,5,1999,8,"""300000"""
765,120,1,30,9549,1,0,2,1,1,270000,8,5,1995,6,"""250000-275000"""
766,20,1,75,14587,1,0,2,1,1,264132,9,5,2008,6,"""250000-275000"""
767,60,1,80,10421,1,0,1,1,1,196500,7,5,1988,7,"""175000-200000"""
768,50,1,75,12508,1,0,2,1,1,160000,6,7,1940,7,"""150000-175000"""
769,20,1,70,9100,1,0,1,1,1,216837,7,5,2004,8,"""200000-224999"""
770,60,1,47,53504,1,0,3,4,1,538000,8,5,2003,12,"""300000"""
771,85,1,0,7252,1,0,2,1,1,134900,5,5,1982,5,"""125000-149999"""
772,20,1,67,8877,1,0,1,1,1,102000,4,5,1951,6,"""100001 - 124999"""
773,80,1,94,7819,1,0,1,1,1,107000,6,5,1976,6,"""100001 - 124999"""
774,20,1,70,10150,1,0,1,1,1,114500,5,5,1958,5,"""100001 - 124999"""
775,20,1,110,14226,1,0,1,1,1,395000,8,5,2006,9,"""300000"""
776,120,2,32,4500,1,0,1,1,1,162000,6,5,1998,5,"""150000-175000"""
777,20,1,86,11210,1,0,2,1,1,221500,7,5,2005,7,"""200000-224999"""
778,20,1,100,13350,1,0,2,1,1,142500,5,5,1974,5,"""125000-149999"""
779,90,5,60,8400,1,0,1,1,1,144000,5,5,1977,10,"""125000-149999"""
780,90,1,78,10530,1,0,1,1,1,135000,6,5,1977,4,"""125000-149999"""
781,20,1,63,7875,1,0,1,1,1,176000,7,5,1995,6,"""175000-200000"""
782,60,1,65,7153,1,0,1,1,1,175900,6,5,1992,7,"""175000-200000"""
783,20,1,67,16285,1,0,3,1,1,187100,7,5,2001,6,"""175000-200000"""
784,85,1,0,9101,1,0,2,1,1,165500,5,6,1978,4,"""150000-175000"""
785,75,2,35,6300,1,1,1,1,1,128000,6,6,1914,9,"""125000-149999"""
786,20,1,0,9790,1,0,1,1,1,161500,6,5,1967,7,"""150000-175000"""
787,50,2,60,10800,1,0,1,1,1,139000,5,6,1915,7,"""125000-149999"""
788,60,1,76,10142,1,0,2,1,1,233000,7,5,2004,8,"""22500-250000"""
789,20,2,50,6000,1,0,1,1,1,107900,4,7,1954,4,"""100001 - 124999"""
790,60,1,0,12205,1,0,2,3,1,187500,6,8,1966,9,"""175000-200000"""
791,120,1,43,3182,1,0,1,1,1,160200,7,5,2005,5,"""150000-175000"""
792,80,1,0,11333,1,0,2,1,1,146800,6,5,1976,5,"""125000-149999"""
793,60,1,92,9920,1,0,2,1,1,269790,7,5,1996,8,"""250000-275000"""
794,20,1,76,9158,1,0,1,1,1,225000,8,5,2007,7,"""300000"""
795,60,1,0,10832,1,0,2,1,1,194500,7,5,1994,7,"""175000-200000"""
796,60,1,70,8400,1,0,1,1,1,171000,6,6,1980,7,"""150000-175000"""
797,20,1,71,8197,1,0,1,1,1,143500,6,5,1977,7,"""125000-149999"""
798,20,1,57,7677,1,0,1,1,1,110000,5,5,1953,4,"""100001 - 124999"""
799,60,1,104,13518,1,0,1,1,1,485000,9,5,2008,11,"""300000"""
800,50,1,60,7200,1,0,1,1,1,175000,5,7,1937,7,"""300000"""
801,60,1,79,12798,1,0,2,4,1,200000,6,5,1997,8,"""200000-224999"""
802,30,2,40,4800,1,0,1,1,1,109900,4,7,1916,5,"""100001 - 124999"""
803,60,1,63,8199,1,0,1,1,1,189000,7,5,2005,7,"""175000-200000"""
804,60,1,107,13891,1,0,1,1,1,582933,9,5,2008,12,"""300000"""
805,20,1,75,9000,1,0,1,1,1,118000,5,5,1954,5,"""100001 - 124999"""
806,20,1,91,12274,1,0,2,1,1,227680,7,5,2008,6,"""22500-250000"""
807,80,1,75,9750,1,0,1,1,1,135500,5,5,1967,6,"""125000-149999"""
808,70,1,144,21384,1,0,1,1,1,223500,5,6,1923,6,"""200000-224999"""
809,80,1,85,13400,1,0,1,1,1,159950,5,5,1966,6,"""150000-175000"""
810,75,2,90,8100,1,0,1,1,1,106000,5,5,1898,11,"""100001 - 124999"""
811,20,1,78,10140,1,0,1,1,1,181000,6,6,1974,5,"""175000-200000"""
812,120,2,0,4438,1,0,1,1,1,144500,6,5,2004,4,"""125000-149999"""
813,20,3,66,8712,2,0,1,2,1,55993,5,5,1952,4,"""0-100000"""
814,20,1,75,9750,1,0,1,1,1,157900,6,6,1958,7,"""150000-175000"""
815,50,1,45,8248,1,1,1,1,1,116000,5,7,1918,7,"""100001 - 124999"""
816,20,1,48,12137,1,0,3,1,1,224900,7,5,1998,6,"""200000-224999"""
817,20,1,0,11425,1,0,2,1,1,137000,5,6,1954,4,"""125000-149999"""
818,20,1,0,13265,1,0,2,1,1,271000,8,5,2002,7,"""250000-275000"""
819,80,1,80,8816,1,0,1,1,1,155000,6,7,1971,6,"""150000-175000"""
820,120,1,44,6371,1,0,2,1,1,224000,7,5,2009,6,"""200000-224999"""
821,60,1,72,7226,1,0,2,1,1,183000,7,5,2003,6,"""175000-200000"""
822,20,2,60,6000,1,2,1,2,1,93000,4,4,1953,4,"""0-100000"""
823,60,1,0,12394,1,0,2,1,1,225000,7,5,2003,7,"""300000"""
824,50,1,60,9900,1,0,1,1,1,139500,6,7,1940,7,"""125000-149999"""
825,20,4,81,11216,1,0,1,1,1,232600,8,5,2006,7,"""22500-250000"""
826,20,1,114,14803,1,0,1,1,1,385000,10,5,2007,7,"""300000"""
827,45,2,50,6130,1,0,1,1,1,109500,5,6,1924,5,"""100001 - 124999"""
828,20,1,65,8529,1,0,2,1,1,189000,7,5,2001,6,"""175000-200000"""
829,60,1,0,28698,1,0,3,3,1,185000,5,5,1967,7,"""175000-200000"""
830,160,4,24,2544,1,2,1,1,1,147400,7,5,2005,4,"""125000-149999"""
831,20,1,80,11900,1,0,2,1,1,166000,6,5,1957,6,"""150000-175000"""
832,160,4,30,3180,1,2,1,1,1,151000,7,5,2005,4,"""150000-175000"""
833,60,1,44,9548,1,0,2,1,1,237000,7,6,2003,7,"""22500-250000"""
834,20,1,100,10004,1,0,1,1,1,167000,6,6,1964,6,"""150000-175000"""
835,20,1,75,7875,1,0,1,1,1,139950,5,6,1961,6,"""125000-149999"""
836,20,1,60,9600,1,0,1,1,1,128000,4,7,1950,4,"""125000-149999"""
837,30,2,90,8100,1,2,1,1,1,153500,5,6,1948,5,"""150000-175000"""
838,160,2,21,1680,1,0,1,1,1,100000,6,5,1973,5,"""300000"""
839,20,1,75,9525,1,0,1,1,1,144000,5,6,1995,6,"""125000-149999"""
840,50,1,70,11767,1,0,1,1,1,130500,5,6,1946,6,"""125000-149999"""
841,70,5,0,12155,1,0,2,1,1,140000,6,8,1925,7,"""125000-149999"""
842,70,2,60,10440,1,1,1,1,1,157500,5,8,1904,8,"""150000-175000"""
843,80,1,82,9020,1,0,1,1,1,174900,6,7,1966,6,"""150000-175000"""
844,90,1,80,8000,1,0,1,1,1,141000,5,4,1961,10,"""125000-149999"""
845,50,2,100,12665,1,1,2,1,1,153900,5,8,1915,7,"""150000-175000"""
846,85,1,0,16647,1,0,2,1,1,171000,5,5,1975,6,"""150000-175000"""
847,60,1,75,9317,1,0,1,1,1,213000,7,5,1993,7,"""200000-224999"""
848,20,1,36,15523,1,0,2,1,1,133500,5,6,1972,5,"""125000-149999"""
849,50,1,75,45600,1,0,3,2,1,240000,6,8,1908,10,"""22500-250000"""
850,80,1,80,9600,1,0,1,1,1,187000,6,7,1976,7,"""175000-200000"""
851,120,2,36,4435,1,0,1,1,1,131500,6,5,2003,3,"""125000-149999"""
852,120,1,0,3196,1,0,1,1,1,215000,8,5,2003,7,"""200000-224999"""
853,75,1,53,7128,1,0,1,1,1,164000,7,5,1941,7,"""150000-175000"""
854,80,1,0,12095,1,0,2,1,1,158000,6,6,1964,7,"""150000-175000"""
855,20,1,102,17920,1,0,1,1,1,170000,5,4,1955,6,"""150000-175000"""
856,20,1,0,6897,1,0,2,1,1,127000,5,8,1962,6,"""125000-149999"""
857,80,1,0,10970,1,0,2,3,1,147000,6,6,1978,5,"""125000-149999"""
858,60,1,65,8125,1,0,1,1,1,174000,6,5,1994,6,"""150000-175000"""
859,20,1,80,10400,1,0,1,1,1,152000,7,5,1976,6,"""150000-175000"""
860,60,1,0,11029,1,0,2,1,1,250000,6,7,1968,9,"""300000"""
861,50,1,55,7642,1,0,1,1,1,189950,7,8,1918,7,"""175000-200000"""
862,190,1,75,11625,1,0,1,1,1,131500,5,4,1965,6,"""125000-149999"""
863,20,1,81,9672,1,0,1,1,1,152000,6,5,1984,6,"""150000-175000"""
864,20,1,70,7931,1,0,1,1,1,132500,5,5,1959,6,"""125000-149999"""
865,20,4,72,8640,1,0,1,1,1,250580,7,5,2007,6,"""250000-275000"""
866,20,1,0,8750,1,0,2,1,1,148500,5,6,1970,5,"""125000-149999"""
867,20,1,67,10656,1,0,2,4,1,248900,8,5,2006,6,"""22500-250000"""
868,20,1,85,6970,1,0,1,1,1,129000,4,5,1961,5,"""125000-149999"""
869,60,1,0,14762,1,0,3,1,1,169000,5,6,1948,7,"""150000-175000"""
870,60,1,80,9938,1,0,1,1,1,236000,7,5,1993,8,"""22500-250000"""
871,20,1,60,6600,1,0,1,1,1,109500,5,5,1962,5,"""100001 - 124999"""
872,60,1,70,8750,1,0,1,1,1,200500,6,5,1998,7,"""200000-224999"""
873,20,1,74,8892,1,0,1,1,1,116000,5,7,1953,5,"""100001 - 124999"""
874,40,1,60,12144,1,0,1,1,1,133000,5,7,1949,6,"""125000-149999"""
875,50,2,52,5720,1,0,1,1,1,66500,5,6,1941,5,"""0-100000"""
876,60,4,75,9000,1,0,1,1,1,303477,8,5,2007,11,"""300000"""
877,20,1,94,25286,1,0,1,4,1,132250,4,5,1963,5,"""125000-149999"""
878,60,1,74,8834,1,0,1,1,1,350000,9,5,2004,10,"""300000"""
879,85,1,88,11782,1,0,2,1,1,148000,5,7,1961,6,"""125000-149999"""
880,20,1,0,7000,1,0,2,1,1,136500,5,8,1978,6,"""125000-149999"""
881,20,1,60,7024,1,0,1,1,1,157000,5,5,2005,5,"""150000-175000"""
882,50,1,44,13758,1,0,2,1,1,187500,7,5,1990,7,"""175000-200000"""
883,60,1,0,9636,1,0,2,1,1,178000,6,5,1992,7,"""175000-200000"""
884,75,1,60,6204,1,0,1,2,1,118500,4,5,1912,10,"""100001 - 124999"""
885,20,1,65,7150,1,0,1,1,1,100000,5,5,1967,5,"""300000"""
886,120,4,50,5119,1,0,2,1,1,328900,9,5,1999,5,"""300000"""
887,90,1,70,8393,1,0,1,1,1,145000,5,5,1959,8,"""125000-149999"""
888,50,1,59,16466,1,0,2,1,1,135500,5,7,1955,8,"""125000-149999"""
889,20,1,95,15865,1,0,2,1,1,268000,8,6,1970,8,"""250000-275000"""
890,20,1,128,12160,1,0,1,1,1,149500,6,4,1953,6,"""125000-149999"""
891,50,1,60,8064,1,0,1,1,1,122900,5,7,1949,6,"""100001 - 124999"""
892,60,1,70,11184,1,0,1,1,1,172500,6,5,1978,7,"""150000-175000"""
893,20,1,70,8414,1,0,1,1,1,154500,6,8,1963,6,"""150000-175000"""
894,20,1,0,13284,1,0,1,1,1,165000,5,5,1954,6,"""150000-175000"""
895,90,1,64,7018,1,0,1,2,1,118858,5,5,1979,8,"""100001 - 124999"""
896,60,1,71,7056,1,0,1,1,1,140000,6,5,1963,8,"""125000-149999"""
897,30,2,50,8765,1,1,1,1,1,106500,4,6,1936,6,"""100001 - 124999"""
898,90,1,64,7018,1,0,1,1,1,142953,5,5,1979,12,"""125000-149999"""
899,20,1,100,12919,1,0,2,1,1,611657,9,5,2009,11,"""300000"""
900,20,1,65,6993,1,0,1,1,1,135000,5,7,1961,6,"""125000-149999"""
901,20,1,0,7340,1,0,2,1,1,110000,4,6,1971,4,"""100001 - 124999"""
902,20,1,64,8712,1,0,2,1,1,153000,5,7,1957,5,"""150000-175000"""
903,60,1,63,7875,1,0,1,1,1,180000,7,5,2003,8,"""175000-200000"""
904,20,1,50,14859,1,0,2,4,1,240000,7,5,2006,7,"""22500-250000"""
905,20,1,0,6173,1,0,2,1,1,125500,5,6,1967,6,"""125000-149999"""
906,20,1,80,9920,1,0,1,1,1,128000,5,5,1954,6,"""125000-149999"""
907,20,1,116,13501,1,0,2,1,1,255000,8,5,2006,8,"""250000-275000"""
908,50,1,86,11500,1,0,2,1,1,250000,7,7,1936,6,"""300000"""
909,20,1,0,8885,1,0,2,3,1,131000,5,5,1983,5,"""125000-149999"""
910,60,1,149,12589,1,0,3,1,1,174000,6,5,2005,8,"""150000-175000"""
911,90,1,80,11600,1,0,1,1,1,154300,5,5,1960,12,"""150000-175000"""
912,20,1,0,9286,1,0,2,1,1,143500,5,7,1977,5,"""125000-149999"""
913,30,2,51,6120,1,0,1,1,1,88000,5,7,1925,6,"""0-100000"""
914,90,5,82,6270,1,0,1,4,1,145000,5,6,1949,8,"""125000-149999"""
915,160,4,30,3000,1,2,1,1,1,173733,6,5,2009,4,"""150000-175000"""
916,160,2,21,2001,1,0,1,1,1,75000,4,5,1970,6,"""0-100000"""
917,20,3,50,9000,1,0,1,1,1,35311,2,3,1949,4,"""0-100000"""
918,20,1,0,17140,1,0,1,1,1,135000,4,6,1956,6,"""125000-149999"""
919,60,1,103,13125,1,0,2,1,1,238000,7,5,1991,8,"""22500-250000"""
920,20,1,87,11029,1,0,2,1,1,176500,6,8,1958,6,"""175000-200000"""
921,60,1,70,8462,1,0,2,1,1,201000,6,5,1994,7,"""200000-224999"""
922,90,1,67,8777,1,0,1,1,1,145900,5,7,1900,9,"""125000-149999"""
923,20,1,65,10237,1,0,1,1,1,169990,6,5,2005,6,"""150000-175000"""
924,120,1,50,8012,1,0,1,1,1,193000,6,5,1993,5,"""175000-200000"""
925,20,1,79,10240,1,0,1,1,1,207500,6,6,1980,7,"""200000-224999"""
926,20,1,0,15611,1,0,2,1,1,175000,5,6,1977,6,"""300000"""
927,60,1,93,11999,1,0,1,1,1,285000,8,5,2003,10,"""275000-300000"""
928,60,1,0,9900,1,0,1,1,1,176000,7,5,1968,9,"""175000-200000"""
929,20,1,0,11838,1,0,1,1,1,236500,8,5,2001,7,"""22500-250000"""
930,60,1,0,13006,1,0,2,1,1,222000,7,5,1997,8,"""200000-224999"""
931,20,1,73,8925,1,0,2,4,1,201000,8,5,2007,7,"""200000-224999"""
932,20,1,70,9100,1,0,1,1,1,117500,5,6,1965,5,"""100001 - 124999"""
933,20,1,84,11670,1,0,2,1,1,320000,9,5,2006,8,"""300000"""
934,20,1,63,8487,1,0,1,1,1,190000,7,5,2004,6,"""175000-200000"""
935,20,1,313,27650,1,0,3,4,1,242000,7,7,1960,9,"""22500-250000"""
936,30,1,52,5825,1,0,2,1,1,79900,4,5,1926,5,"""0-100000"""
937,20,1,67,10083,1,0,1,1,1,184900,7,5,2003,5,"""175000-200000"""
938,60,1,75,9675,1,0,1,1,1,253000,7,5,2005,8,"""250000-275000"""
939,60,1,73,8760,1,0,1,1,1,239799,7,5,2006,7,"""22500-250000"""
940,70,1,0,24090,1,0,1,1,1,244400,7,7,1940,10,"""22500-250000"""
941,90,1,55,12640,1,0,2,1,1,150900,6,5,1976,8,"""150000-175000"""
942,60,1,0,8755,1,0,2,1,1,214000,7,5,1999,8,"""200000-224999"""
943,90,1,42,7711,1,0,2,1,1,150000,4,3,1977,8,"""300000"""
944,90,1,100,25000,1,0,1,3,1,143000,5,4,1967,8,"""125000-149999"""
945,20,1,0,14375,1,0,2,1,2,137500,6,6,1958,7,"""125000-149999"""
946,50,2,98,8820,1,0,1,1,1,124900,5,6,1890,7,"""100001 - 124999"""
947,80,1,70,8163,1,0,1,1,1,143000,5,6,1959,6,"""125000-149999"""
948,20,1,85,14536,1,0,1,1,1,270000,8,5,2002,9,"""250000-275000"""
949,60,1,65,14006,1,0,2,1,1,192500,7,5,2002,7,"""175000-200000"""
950,20,1,78,9360,1,0,1,1,1,197500,6,7,1972,5,"""175000-200000"""
951,20,1,60,7200,1,0,1,1,1,129000,5,8,1950,5,"""125000-149999"""
952,20,5,60,7800,1,0,1,1,1,119900,5,5,1965,6,"""100001 - 124999"""
953,85,1,60,7200,1,0,1,1,1,133900,5,8,1972,5,"""125000-149999"""
954,60,1,0,11075,1,0,2,1,1,172000,5,4,1969,7,"""150000-175000"""
955,90,1,35,9400,1,0,2,1,1,127500,6,5,1975,4,"""125000-149999"""
956,90,5,82,7136,1,0,2,4,1,145000,6,6,1946,8,"""125000-149999"""
957,160,2,24,1300,1,0,1,1,1,124000,6,6,1980,5,"""100001 - 124999"""
958,20,1,70,7420,1,0,1,1,1,132000,5,5,1962,6,"""125000-149999"""
959,20,1,65,8450,1,0,1,1,1,185000,7,5,2003,6,"""175000-200000"""
960,160,4,24,2572,1,0,1,1,1,155000,7,5,1999,6,"""150000-175000"""
961,20,1,50,7207,1,0,2,1,1,116500,5,7,1958,4,"""100001 - 124999"""
962,60,1,0,12227,1,0,2,1,1,272000,6,7,1977,11,"""250000-275000"""
963,160,1,24,2308,1,0,1,1,1,155000,6,6,1976,7,"""150000-175000"""
964,20,1,122,11923,1,0,2,1,1,239000,9,5,2007,7,"""22500-250000"""
965,60,1,80,11316,1,0,1,1,1,214900,7,5,2002,8,"""200000-224999"""
966,60,1,65,10237,1,0,1,1,1,178900,6,5,2005,8,"""175000-200000"""
967,50,1,130,9600,1,0,2,4,1,160000,5,7,1940,7,"""150000-175000"""
968,20,1,0,7390,1,0,2,1,1,135000,5,7,1955,6,"""125000-149999"""
969,50,2,50,5925,1,0,1,1,1,37900,3,6,1910,6,"""0-100000"""
970,190,1,75,10382,1,0,1,1,1,140000,6,5,1958,6,"""125000-149999"""
971,50,1,60,10800,1,0,1,1,1,135000,4,4,1949,6,"""125000-149999"""
972,160,1,36,2268,1,0,1,1,1,173000,7,5,2003,6,"""150000-175000"""
973,120,1,55,7892,1,0,1,1,1,99500,6,5,1979,5,"""0-100000"""
974,20,4,95,11639,1,0,1,1,1,182000,7,5,2007,6,"""175000-200000"""
975,70,1,60,11414,1,0,2,1,1,167500,7,8,1910,8,"""150000-175000"""
976,160,4,0,2651,1,0,1,1,1,165000,7,5,2000,6,"""150000-175000"""
977,30,1,51,5900,1,0,2,2,1,85500,4,7,1923,4,"""0-100000"""
978,120,4,35,4274,1,2,2,1,1,199900,7,5,2006,4,"""175000-200000"""
979,20,1,68,9450,1,0,1,2,1,110000,4,5,1954,5,"""100001 - 124999"""
980,20,1,80,8816,1,0,1,1,1,139000,5,6,1963,5,"""125000-149999"""
981,85,1,0,12122,1,0,2,1,1,178400,7,9,1961,6,"""175000-200000"""
982,60,1,98,12203,1,0,2,1,1,336000,8,5,1998,8,"""300000"""
983,20,1,43,3182,1,0,1,1,1,159895,7,5,2007,6,"""150000-175000"""
984,60,1,0,11250,1,0,1,1,1,255900,8,5,2002,9,"""250000-275000"""
985,90,1,75,10125,1,0,1,1,1,126000,5,5,1977,8,"""125000-149999"""
986,190,1,68,10880,1,0,1,1,1,125000,5,5,1950,5,"""125000-149999"""
987,50,2,59,5310,1,0,1,1,1,117000,6,8,1910,5,"""100001 - 124999"""
988,20,1,83,10159,1,0,2,1,1,395192,9,5,2009,8,"""300000"""
989,60,1,0,12046,1,0,2,1,1,195000,6,6,1976,8,"""175000-200000"""
990,60,4,65,8125,1,0,1,1,1,197000,7,5,2006,6,"""175000-200000"""
991,60,1,82,9452,1,0,1,1,1,348000,8,5,1997,7,"""300000"""
992,70,2,121,17671,1,1,1,1,1,168000,8,9,1882,8,"""150000-175000"""
993,60,1,80,9760,1,0,1,1,1,187000,6,8,1964,7,"""175000-200000"""
994,60,1,68,8846,1,0,1,1,1,173900,6,5,2005,6,"""150000-175000"""
995,20,1,96,12456,1,0,1,1,1,337500,10,5,2006,7,"""300000"""
996,50,1,51,4712,1,0,2,1,1,121600,4,7,1946,5,"""100001 - 124999"""
997,20,1,0,10659,1,0,2,1,1,136500,5,6,1961,6,"""125000-149999"""
998,20,1,0,11717,1,0,2,1,1,185000,6,6,1970,6,"""175000-200000"""
999,30,2,60,9786,1,0,1,1,1,91000,3,4,1922,6,"""0-100000"""
1000,20,1,64,6762,1,0,1,1,1,206000,7,5,2006,6,"""200000-224999"""
1001,20,1,74,10206,1,0,1,1,1,82000,3,3,1952,4,"""0-100000"""
1002,30,1,60,5400,1,0,1,1,1,86000,5,6,1920,4,"""0-100000"""
1003,20,1,75,11957,1,0,2,1,1,232000,8,5,2006,7,"""22500-250000"""
1004,90,1,0,11500,1,0,2,1,1,136905,5,6,1976,8,"""125000-149999"""
1005,120,1,43,3182,1,0,1,1,1,181000,7,5,2005,7,"""175000-200000"""
1006,80,1,65,8385,1,0,1,1,1,149900,5,8,1977,6,"""125000-149999"""
1007,20,1,0,12155,1,0,4,1,1,163500,6,3,1970,7,"""150000-175000"""
1008,160,2,21,2217,1,0,1,1,1,88000,4,4,1970,6,"""0-100000"""
1009,20,1,43,12118,1,0,2,1,1,240000,7,5,2004,7,"""22500-250000"""
1010,50,1,60,6000,1,0,1,1,1,102000,5,5,1926,7,"""100001 - 124999"""
1011,50,1,115,21286,1,0,1,1,1,135000,5,5,1948,7,"""125000-149999"""
1012,90,1,75,9825,1,0,1,1,1,100000,5,5,1965,8,"""300000"""
1013,70,1,55,10592,1,0,1,1,1,165000,6,7,1923,7,"""150000-175000"""
1014,30,2,60,7200,1,0,1,1,1,85000,5,4,1910,4,"""0-100000"""
1015,20,1,60,11664,1,0,1,1,1,119200,6,5,1948,5,"""100001 - 124999"""
1016,60,1,70,8400,1,0,1,1,1,227000,8,6,2001,6,"""22500-250000"""
1017,20,1,73,11883,1,0,1,1,1,203000,7,5,1996,6,"""200000-224999"""
1018,120,1,0,5814,1,0,2,1,1,187500,8,5,1984,4,"""175000-200000"""
1019,80,1,0,10784,1,0,2,1,1,160000,7,5,1991,7,"""150000-175000"""
1020,120,1,43,3013,1,0,1,1,1,213490,7,5,2005,6,"""200000-224999"""
1021,20,1,60,7024,1,0,1,1,1,176000,4,5,2005,5,"""175000-200000"""
1022,20,1,64,7406,1,0,1,1,1,194000,7,5,2006,6,"""175000-200000"""
1023,50,2,52,9439,1,0,1,1,1,87000,5,5,1930,6,"""0-100000"""
1024,120,1,43,3182,1,0,1,1,1,191000,7,5,2005,7,"""175000-200000"""
1025,20,1,0,15498,1,0,2,1,1,287000,8,6,1976,10,"""275000-300000"""
1026,20,1,70,7700,1,0,1,1,1,112500,5,5,1972,5,"""100001 - 124999"""
1027,20,1,73,9300,1,0,1,1,1,167500,5,5,1960,6,"""150000-175000"""
1028,20,1,71,9520,1,0,2,4,1,293077,8,5,2007,7,"""275000-300000"""
1029,50,1,79,9492,1,0,1,1,1,105000,5,5,1941,6,"""100001 - 124999"""
1030,160,2,21,1680,1,0,1,1,1,118000,6,7,1972,7,"""100001 - 124999"""
1031,190,5,0,7082,1,0,1,1,1,160000,5,8,1916,10,"""150000-175000"""
1032,75,1,102,15863,1,0,1,1,1,197000,7,3,1920,12,"""175000-200000"""
1033,60,1,0,14541,1,0,2,1,1,310000,8,7,1993,10,"""300000"""
1034,20,1,0,8125,1,0,1,1,1,230000,7,5,2002,6,"""22500-250000"""
1035,30,1,50,6305,1,0,1,2,1,119750,5,7,1938,5,"""100001 - 124999"""
1036,20,1,0,11500,1,0,2,1,1,84000,4,3,1957,5,"""0-100000"""
1037,20,1,89,12898,1,0,2,4,1,315500,9,5,2007,6,"""300000"""
1038,60,1,0,9240,1,0,1,1,1,287000,8,5,2001,7,"""275000-300000"""
1039,160,2,21,1533,1,0,1,1,1,97000,4,6,1970,6,"""0-100000"""
1040,180,2,21,1477,1,0,1,1,1,80000,4,4,1970,3,"""0-100000"""
1041,20,1,88,13125,1,0,1,1,1,155000,5,4,1957,8,"""150000-175000"""
1042,60,1,0,9130,1,0,1,1,1,173000,6,8,1966,7,"""150000-175000"""
1043,120,1,34,5381,1,0,2,1,1,196000,6,5,2005,5,"""175000-200000"""
1044,60,1,86,11839,1,0,1,1,1,262280,7,5,1990,10,"""250000-275000"""
1045,20,1,80,9600,1,0,1,1,1,278000,8,5,1981,9,"""275000-300000"""
1046,20,1,0,13680,1,0,2,1,1,139600,3,5,1955,8,"""125000-149999"""
1047,60,1,85,16056,1,0,2,1,1,556581,9,5,2005,11,"""300000"""
1048,20,1,57,9245,1,0,3,1,1,145000,5,5,1994,5,"""125000-149999"""
1049,20,1,100,21750,1,0,1,1,1,115000,5,4,1960,9,"""100001 - 124999"""
1050,20,1,60,11100,1,0,1,3,1,84900,4,7,1946,6,"""0-100000"""
1051,20,1,73,8993,1,0,2,1,1,176485,7,5,2007,6,"""175000-200000"""
1052,20,1,103,11175,1,0,2,1,1,200141,7,5,2007,6,"""200000-224999"""
1053,60,1,100,9500,1,0,1,1,1,165000,6,6,1964,9,"""150000-175000"""
1054,20,1,68,8562,1,0,1,1,1,144500,5,6,1957,7,"""125000-149999"""
1055,60,1,90,11367,1,0,1,1,1,255000,8,5,2002,7,"""250000-275000"""
1056,20,1,104,11361,1,0,1,1,1,180000,6,5,1976,7,"""175000-200000"""
1057,120,1,43,7052,1,0,2,1,1,185850,7,5,2005,6,"""175000-200000"""
1058,60,1,0,29959,1,0,3,1,1,248000,7,6,1994,7,"""22500-250000"""
1059,60,1,96,11308,1,0,2,1,1,335000,9,5,2008,10,"""300000"""
1060,50,1,0,11275,1,0,2,4,1,220000,6,7,1932,7,"""200000-224999"""
1061,120,1,41,4920,1,0,1,1,1,213500,8,5,2001,6,"""200000-224999"""
1062,30,3,120,18000,2,0,1,3,1,81000,3,4,1935,6,"""0-100000"""
1063,190,2,85,13600,1,1,1,1,1,90000,5,5,1900,10,"""0-100000"""
1064,30,2,50,6000,1,0,1,1,1,110500,6,6,1925,5,"""100001 - 124999"""
1065,20,1,0,11000,1,0,2,1,1,154000,5,6,1966,6,"""150000-175000"""
1066,60,1,80,14000,1,0,1,1,1,328000,7,5,1996,7,"""300000"""
1067,60,1,59,7837,1,0,2,1,1,178000,6,7,1993,7,"""175000-200000"""
1068,60,1,80,9760,1,0,1,1,1,167900,6,6,1964,7,"""150000-175000"""
1069,160,2,42,3964,1,0,1,1,1,151400,6,4,1973,10,"""150000-175000"""
1070,45,1,60,9600,1,0,1,1,1,135000,5,7,1949,4,"""125000-149999"""
1071,20,1,72,10152,1,0,1,1,1,135000,5,5,1956,6,"""125000-149999"""
1072,60,1,78,11700,1,0,1,1,1,154000,6,6,1968,8,"""150000-175000"""
1073,50,1,50,7585,1,0,1,1,1,91500,5,3,1948,7,"""0-100000"""
1074,60,1,75,7950,1,0,2,2,1,159500,6,6,1977,6,"""150000-175000"""
1075,20,1,74,8556,1,0,1,1,1,194000,7,5,2006,5,"""175000-200000"""
1076,70,1,75,13125,1,0,1,1,1,219500,7,6,1940,6,"""200000-224999"""
1077,50,1,60,10800,1,1,1,1,1,170000,5,8,1936,7,"""150000-175000"""
1078,20,1,0,15870,1,0,2,1,1,138800,5,5,1969,6,"""125000-149999"""
1079,120,2,37,4435,1,0,1,1,1,155900,6,5,2004,3,"""150000-175000"""
1080,20,1,65,8775,1,0,1,1,1,126000,5,5,1994,5,"""125000-149999"""
1081,20,1,80,11040,1,0,1,1,1,145000,6,7,1971,5,"""125000-149999"""
1082,20,1,75,7500,1,0,1,1,1,133000,5,5,1963,5,"""125000-149999"""
1083,20,1,70,8749,1,0,1,1,1,192000,7,5,2002,6,"""175000-200000"""
1084,20,1,80,8800,1,0,1,1,1,160000,6,6,1964,6,"""150000-175000"""
1085,60,1,0,13031,1,0,3,1,1,187500,6,5,1995,6,"""175000-200000"""
1086,85,1,73,9069,1,0,1,1,1,147000,6,6,1992,5,"""125000-149999"""
1087,160,2,0,1974,1,0,1,1,1,83500,4,5,1973,6,"""0-100000"""
1088,60,4,85,10574,1,0,1,1,1,252000,8,5,2005,9,"""250000-275000"""
1089,160,2,24,2522,1,0,1,1,1,137500,7,5,2004,7,"""125000-149999"""
1090,120,4,37,3316,1,2,2,1,1,197000,8,5,2005,4,"""175000-200000"""
1091,90,1,60,8544,1,0,1,1,1,92900,3,4,1950,6,"""0-100000"""
1092,160,4,24,2160,1,2,1,1,1,160000,7,5,1999,4,"""150000-175000"""
1093,50,1,60,8400,1,0,1,2,1,136500,6,5,1925,7,"""125000-149999"""
1094,20,1,71,9230,1,0,1,1,1,146000,5,8,1965,6,"""125000-149999"""
